query	reference	astflow	pytrec_eval	ir_measures
q5001	0.000000	0.000000	0.000000	0.000000
q5002	0.000000	0.000000	0.000000	0.000000
q5003	0.000000	0.000000	0.000000	0.000000
q5004	0.000000	0.000000	0.000000	0.000000
q5005	0.430677	0.430677	0.430677	0.430677
q5006	0.000000	0.000000	0.000000	0.000000
q5007	0.000000	0.000000	0.000000	0.000000
q5008	0.000000	0.000000	0.000000	0.000000
q5009	0.000000	0.000000	0.000000	0.000000
q5010	0.000000	0.000000	0.000000	0.000000
q5011	0.000000	0.000000	0.000000	0.000000
q5012	0.000000	0.000000	0.000000	0.000000
q5013	0.000000	0.000000	0.000000	0.000000
q5014	1.000000	1.000000	1.000000	1.000000
q5015	0.000000	0.000000	0.000000	0.000000
q5016	0.000000	0.000000	0.000000	0.000000
q5017	0.000000	0.000000	0.000000	0.000000
q5018	0.000000	0.000000	0.000000	0.000000
q5019	0.000000	0.000000	0.000000	0.000000
q5020	0.000000	0.000000	0.000000	0.000000
q5021	0.000000	0.000000	0.000000	0.000000
q5022	0.000000	0.000000	0.000000	0.000000
q5023	0.000000	0.000000	0.000000	0.000000
q5024	0.000000	0.000000	0.000000	0.000000
q5025	0.000000	0.000000	0.000000	0.000000
q5026	0.000000	0.000000	0.000000	0.000000
q5027	1.000000	1.000000	1.000000	1.000000
q5028	0.000000	0.000000	0.000000	0.000000
q5029	0.000000	0.000000	0.000000	0.000000
q5030	0.000000	0.000000	0.000000	0.000000
q5031	0.000000	0.000000	0.000000	0.000000
q5032	0.000000	0.000000	0.000000	0.000000
q5033	0.630930	0.630930	0.630930	0.630930
q5034	0.000000	0.000000	0.000000	0.000000
q5035	0.000000	0.000000	0.000000	0.000000
q5036	0.000000	0.000000	0.000000	0.000000
q5037	0.000000	0.000000	0.000000	0.000000
q5038	0.000000	0.000000	0.000000	0.000000
q5039	0.000000	0.000000	0.000000	0.000000
q5040	0.000000	0.000000	0.000000	0.000000
q5041	0.333333	0.333333	0.333333	0.333333
q5042	0.000000	0.000000	0.000000	0.000000
q5043	0.000000	0.000000	0.000000	0.000000
q5044	1.000000	1.000000	1.000000	1.000000
q5045	0.000000	0.000000	0.000000	0.000000
q5046	0.000000	0.000000	0.000000	0.000000
q5047	0.000000	0.000000	0.000000	0.000000
q5048	0.000000	0.000000	0.000000	0.000000
q5049	0.000000	0.000000	0.000000	0.000000
q5050	1.000000	1.000000	1.000000	1.000000
q5051	0.000000	0.000000	0.000000	0.000000
q5052	0.000000	0.000000	0.000000	0.000000
q5053	0.000000	0.000000	0.000000	0.000000
q5054	0.000000	0.000000	0.000000	0.000000
q5055	0.000000	0.000000	0.000000	0.000000
q5056	0.000000	0.000000	0.000000	0.000000
q5057	0.000000	0.000000	0.000000	0.000000
q5058	0.386853	0.386853	0.386853	0.386853
q5059	0.333333	0.333333	0.333333	0.333333
q5060	0.000000	0.000000	0.000000	0.000000
q5061	1.000000	1.000000	1.000000	1.000000
q5062	0.000000	0.000000	0.000000	0.000000
q5063	0.630930	0.630930	0.630930	0.630930
q5064	0.000000	0.000000	0.000000	0.000000
q5065	0.000000	0.000000	0.000000	0.000000
q5066	0.000000	0.000000	0.000000	0.000000
q5067	0.000000	0.000000	0.000000	0.000000
q5068	0.000000	0.000000	0.000000	0.000000
q5069	0.000000	0.000000	0.000000	0.000000
q5070	0.000000	0.000000	0.000000	0.000000
q5071	0.000000	0.000000	0.000000	0.000000
q5072	0.000000	0.000000	0.000000	0.000000
q5073	1.000000	1.000000	1.000000	1.000000
q5074	0.000000	0.000000	0.000000	0.000000
q5075	1.000000	1.000000	1.000000	1.000000
q5076	0.000000	0.000000	0.000000	0.000000
q5077	0.000000	0.000000	0.000000	0.000000
q5078	0.000000	0.000000	0.000000	0.000000
q5079	0.000000	0.000000	0.000000	0.000000
q5080	0.430677	0.430677	0.430677	0.430677
q5081	0.000000	0.000000	0.000000	0.000000
q5082	0.000000	0.000000	0.000000	0.000000
q5083	0.000000	0.000000	0.000000	0.000000
q5084	0.000000	0.000000	0.000000	0.000000
q5085	0.000000	0.000000	0.000000	0.000000
q5086	0.000000	0.000000	0.000000	0.000000
q5087	1.000000	1.000000	1.000000	1.000000
q5088	0.000000	0.000000	0.000000	0.000000
q5089	0.000000	0.000000	0.000000	0.000000
q5090	0.000000	0.000000	0.000000	0.000000
q5091	0.000000	0.000000	0.000000	0.000000
q5092	0.000000	0.000000	0.000000	0.000000
q5093	0.000000	0.000000	0.000000	0.000000
q5094	0.000000	0.000000	0.000000	0.000000
q5095	0.000000	0.000000	0.000000	0.000000
q5096	0.000000	0.000000	0.000000	0.000000
q5097	0.000000	0.000000	0.000000	0.000000
q5098	0.000000	0.000000	0.000000	0.000000
q5099	0.000000	0.000000	0.000000	0.000000
q5100	0.301030	0.301030	0.301030	0.301030
q5101	0.000000	0.000000	0.000000	0.000000
q5102	0.000000	0.000000	0.000000	0.000000
q5103	0.000000	0.000000	0.000000	0.000000
q5104	0.000000	0.000000	0.000000	0.000000
q5105	0.000000	0.000000	0.000000	0.000000
q5106	0.000000	0.000000	0.000000	0.000000
q5107	0.000000	0.000000	0.000000	0.000000
q5108	0.000000	0.000000	0.000000	0.000000
q5109	0.000000	0.000000	0.000000	0.000000
q5110	0.630930	0.630930	0.630930	0.630930
q5111	0.000000	0.000000	0.000000	0.000000
q5112	0.333333	0.333333	0.333333	0.333333
q5113	0.000000	0.000000	0.000000	0.000000
q5114	0.000000	0.000000	0.000000	0.000000
q5115	0.000000	0.000000	0.000000	0.000000
q5116	0.000000	0.000000	0.000000	0.000000
q5117	0.000000	0.000000	0.000000	0.000000
q5118	1.000000	1.000000	1.000000	1.000000
q5119	0.386853	0.386853	0.386853	0.386853
q5120	0.000000	0.000000	0.000000	0.000000
q5121	0.000000	0.000000	0.000000	0.000000
q5122	0.000000	0.000000	0.000000	0.000000
q5123	0.000000	0.000000	0.000000	0.000000
q5124	0.000000	0.000000	0.000000	0.000000
q5125	0.000000	0.000000	0.000000	0.000000
q5126	0.356207	0.356207	0.356207	0.356207
q5127	0.000000	0.000000	0.000000	0.000000
q5128	0.000000	0.000000	0.000000	0.000000
q5129	0.000000	0.000000	0.000000	0.000000
q5130	0.000000	0.000000	0.000000	0.000000
q5131	0.000000	0.000000	0.000000	0.000000
q5132	0.000000	0.000000	0.000000	0.000000
q5133	0.000000	0.000000	0.000000	0.000000
q5134	0.386853	0.386853	0.386853	0.386853
q5135	0.000000	0.000000	0.000000	0.000000
q5136	0.000000	0.000000	0.000000	0.000000
q5137	0.000000	0.000000	0.000000	0.000000
q5138	0.000000	0.000000	0.000000	0.000000
q5139	0.430677	0.430677	0.430677	0.430677
q5140	0.000000	0.000000	0.000000	0.000000
q5141	0.000000	0.000000	0.000000	0.000000
q5142	0.000000	0.000000	0.000000	0.000000
q5143	0.000000	0.000000	0.000000	0.000000
q5144	0.000000	0.000000	0.000000	0.000000
q5145	0.000000	0.000000	0.000000	0.000000
q5146	0.630930	0.630930	0.630930	0.630930
q5147	0.000000	0.000000	0.000000	0.000000
q5148	0.000000	0.000000	0.000000	0.000000
q5149	0.000000	0.000000	0.000000	0.000000
q5150	0.000000	0.000000	0.000000	0.000000
q5151	0.000000	0.000000	0.000000	0.000000
q5152	0.000000	0.000000	0.000000	0.000000
q5153	0.000000	0.000000	0.000000	0.000000
q5154	0.000000	0.000000	0.000000	0.000000
q5155	0.000000	0.000000	0.000000	0.000000
q5156	0.000000	0.000000	0.000000	0.000000
q5157	0.000000	0.000000	0.000000	0.000000
q5158	0.000000	0.000000	0.000000	0.000000
q5159	0.000000	0.000000	0.000000	0.000000
q5160	0.000000	0.000000	0.000000	0.000000
q5161	0.000000	0.000000	0.000000	0.000000
q5162	0.315465	0.315465	0.315465	0.315465
q5163	0.000000	0.000000	0.000000	0.000000
q5164	0.000000	0.000000	0.000000	0.000000
q5165	0.000000	0.000000	0.000000	0.000000
q5166	0.000000	0.000000	0.000000	0.000000
q5167	0.000000	0.000000	0.000000	0.000000
q5168	0.000000	0.000000	0.000000	0.000000
q5169	0.000000	0.000000	0.000000	0.000000
q5170	0.000000	0.000000	0.000000	0.000000
q5171	0.000000	0.000000	0.000000	0.000000
q5172	0.356207	0.356207	0.356207	0.356207
q5173	0.000000	0.000000	0.000000	0.000000
q5174	0.000000	0.000000	0.000000	0.000000
q5175	0.000000	0.000000	0.000000	0.000000
q5176	0.000000	0.000000	0.000000	0.000000
q5177	0.000000	0.000000	0.000000	0.000000
q5178	0.000000	0.000000	0.000000	0.000000
q5179	0.000000	0.000000	0.000000	0.000000
q5180	0.500000	0.500000	0.500000	0.500000
q5181	0.000000	0.000000	0.000000	0.000000
q5182	0.000000	0.000000	0.000000	0.000000
q5183	0.000000	0.000000	0.000000	0.000000
q5184	0.000000	0.000000	0.000000	0.000000
q5185	0.000000	0.000000	0.000000	0.000000
q5186	0.000000	0.000000	0.000000	0.000000
q5187	0.386853	0.386853	0.386853	0.386853
q5188	0.000000	0.000000	0.000000	0.000000
q5189	0.000000	0.000000	0.000000	0.000000
q5190	0.000000	0.000000	0.000000	0.000000
q5191	0.000000	0.000000	0.000000	0.000000
q5192	0.000000	0.000000	0.000000	0.000000
q5193	0.000000	0.000000	0.000000	0.000000
q5194	0.000000	0.000000	0.000000	0.000000
q5195	0.000000	0.000000	0.000000	0.000000
q5196	0.000000	0.000000	0.000000	0.000000
q5197	0.000000	0.000000	0.000000	0.000000
q5198	0.000000	0.000000	0.000000	0.000000
q5199	0.000000	0.000000	0.000000	0.000000
q5200	0.000000	0.000000	0.000000	0.000000
q5201	0.386853	0.386853	0.386853	0.386853
q5202	0.000000	0.000000	0.000000	0.000000
q5203	0.000000	0.000000	0.000000	0.000000
q5204	0.000000	0.000000	0.000000	0.000000
q5205	0.000000	0.000000	0.000000	0.000000
q5206	0.000000	0.000000	0.000000	0.000000
q5207	0.000000	0.000000	0.000000	0.000000
q5208	0.000000	0.000000	0.000000	0.000000
q5209	0.000000	0.000000	0.000000	0.000000
q5210	0.000000	0.000000	0.000000	0.000000
q5211	0.000000	0.000000	0.000000	0.000000
q5212	0.000000	0.000000	0.000000	0.000000
q5213	0.000000	0.000000	0.000000	0.000000
q5214	0.000000	0.000000	0.000000	0.000000
q5215	0.000000	0.000000	0.000000	0.000000
q5216	0.000000	0.000000	0.000000	0.000000
q5217	0.000000	0.000000	0.000000	0.000000
q5218	0.000000	0.000000	0.000000	0.000000
q5219	0.000000	0.000000	0.000000	0.000000
q5220	0.500000	0.500000	0.500000	0.500000
q5221	0.000000	0.000000	0.000000	0.000000
q5222	0.000000	0.000000	0.000000	0.000000
q5223	0.000000	0.000000	0.000000	0.000000
q5224	0.000000	0.000000	0.000000	0.000000
q5225	0.000000	0.000000	0.000000	0.000000
q5226	0.000000	0.000000	0.000000	0.000000
q5227	0.000000	0.000000	0.000000	0.000000
q5228	0.000000	0.000000	0.000000	0.000000
q5229	0.000000	0.000000	0.000000	0.000000
q5230	0.000000	0.000000	0.000000	0.000000
q5231	0.000000	0.000000	0.000000	0.000000
q5232	0.000000	0.000000	0.000000	0.000000
q5233	0.000000	0.000000	0.000000	0.000000
q5234	0.000000	0.000000	0.000000	0.000000
q5235	0.000000	0.000000	0.000000	0.000000
q5236	0.000000	0.000000	0.000000	0.000000
q5237	1.000000	1.000000	1.000000	1.000000
q5238	0.000000	0.000000	0.000000	0.000000
q5239	0.000000	0.000000	0.000000	0.000000
q5240	0.000000	0.000000	0.000000	0.000000
q5241	0.000000	0.000000	0.000000	0.000000
q5242	1.000000	1.000000	1.000000	1.000000
q5243	0.000000	0.000000	0.000000	0.000000
q5244	0.000000	0.000000	0.000000	0.000000
q5245	0.000000	0.000000	0.000000	0.000000
q5246	0.000000	0.000000	0.000000	0.000000
q5247	0.000000	0.000000	0.000000	0.000000
q5248	0.000000	0.000000	0.000000	0.000000
q5249	0.000000	0.000000	0.000000	0.000000
q5250	0.630930	0.630930	0.630930	0.630930
q5251	0.430677	0.430677	0.430677	0.430677
q5252	0.000000	0.000000	0.000000	0.000000
q5253	0.000000	0.000000	0.000000	0.000000
q5254	0.000000	0.000000	0.000000	0.000000
q5255	0.000000	0.000000	0.000000	0.000000
q5256	0.000000	0.000000	0.000000	0.000000
q5257	0.000000	0.000000	0.000000	0.000000
q5258	0.333333	0.333333	0.333333	0.333333
q5259	0.630930	0.630930	0.630930	0.630930
q5260	0.000000	0.000000	0.000000	0.000000
q5261	0.500000	0.500000	0.500000	0.500000
q5262	0.000000	0.000000	0.000000	0.000000
q5263	0.000000	0.000000	0.000000	0.000000
q5264	0.000000	0.000000	0.000000	0.000000
q5265	0.000000	0.000000	0.000000	0.000000
q5266	1.000000	1.000000	1.000000	1.000000
q5267	0.000000	0.000000	0.000000	0.000000
q5268	0.000000	0.000000	0.000000	0.000000
q5269	0.000000	0.000000	0.000000	0.000000
q5270	0.000000	0.000000	0.000000	0.000000
q5271	0.000000	0.000000	0.000000	0.000000
q5272	1.000000	1.000000	1.000000	1.000000
q5273	0.000000	0.000000	0.000000	0.000000
q5274	0.000000	0.000000	0.000000	0.000000
q5275	0.000000	0.000000	0.000000	0.000000
q5276	0.000000	0.000000	0.000000	0.000000
q5277	0.630930	0.630930	0.630930	0.630930
q5278	0.000000	0.000000	0.000000	0.000000
q5279	0.000000	0.000000	0.000000	0.000000
q5280	0.000000	0.000000	0.000000	0.000000
q5281	0.000000	0.000000	0.000000	0.000000
q5282	0.000000	0.000000	0.000000	0.000000
q5283	0.000000	0.000000	0.000000	0.000000
q5284	1.000000	1.000000	1.000000	1.000000
q5285	0.000000	0.000000	0.000000	0.000000
q5286	0.000000	0.000000	0.000000	0.000000
q5287	0.000000	0.000000	0.000000	0.000000
q5288	0.000000	0.000000	0.000000	0.000000
q5289	0.000000	0.000000	0.000000	0.000000
q5290	0.430677	0.430677	0.430677	0.430677
q5291	0.000000	0.000000	0.000000	0.000000
q5292	0.000000	0.000000	0.000000	0.000000
q5293	0.000000	0.000000	0.000000	0.000000
q5294	0.000000	0.000000	0.000000	0.000000
q5295	0.000000	0.000000	0.000000	0.000000
q5296	0.000000	0.000000	0.000000	0.000000
q5297	0.000000	0.000000	0.000000	0.000000
q5298	0.000000	0.000000	0.000000	0.000000
q5299	0.000000	0.000000	0.000000	0.000000
q5300	1.000000	1.000000	1.000000	1.000000
q5301	0.000000	0.000000	0.000000	0.000000
q5302	0.000000	0.000000	0.000000	0.000000
q5303	0.000000	0.000000	0.000000	0.000000
q5304	0.000000	0.000000	0.000000	0.000000
q5305	0.000000	0.000000	0.000000	0.000000
q5306	0.000000	0.000000	0.000000	0.000000
q5307	0.000000	0.000000	0.000000	0.000000
q5308	0.000000	0.000000	0.000000	0.000000
q5309	0.000000	0.000000	0.000000	0.000000
q5310	0.000000	0.000000	0.000000	0.000000
q5311	0.000000	0.000000	0.000000	0.000000
q5312	0.386853	0.386853	0.386853	0.386853
q5313	0.000000	0.000000	0.000000	0.000000
q5314	0.000000	0.000000	0.000000	0.000000
q5315	0.000000	0.000000	0.000000	0.000000
q5316	0.000000	0.000000	0.000000	0.000000
q5317	0.000000	0.000000	0.000000	0.000000
q5318	0.000000	0.000000	0.000000	0.000000
q5319	0.000000	0.000000	0.000000	0.000000
q5320	0.301030	0.301030	0.301030	0.301030
q5321	0.000000	0.000000	0.000000	0.000000
q5322	0.630930	0.630930	0.630930	0.630930
q5323	0.000000	0.000000	0.000000	0.000000
q5324	0.000000	0.000000	0.000000	0.000000
q5325	0.000000	0.000000	0.000000	0.000000
q5326	0.000000	0.000000	0.000000	0.000000
q5327	0.000000	0.000000	0.000000	0.000000
q5328	0.000000	0.000000	0.000000	0.000000
q5329	0.000000	0.000000	0.000000	0.000000
q5330	0.000000	0.000000	0.000000	0.000000
q5331	0.000000	0.000000	0.000000	0.000000
q5332	0.000000	0.000000	0.000000	0.000000
q5333	0.000000	0.000000	0.000000	0.000000
q5334	0.000000	0.000000	0.000000	0.000000
q5335	0.000000	0.000000	0.000000	0.000000
q5336	0.000000	0.000000	0.000000	0.000000
q5337	0.000000	0.000000	0.000000	0.000000
q5338	0.000000	0.000000	0.000000	0.000000
q5339	0.000000	0.000000	0.000000	0.000000
q5340	0.333333	0.333333	0.333333	0.333333
q5341	0.000000	0.000000	0.000000	0.000000
q5342	0.000000	0.000000	0.000000	0.000000
q5343	0.000000	0.000000	0.000000	0.000000
q5344	1.000000	1.000000	1.000000	1.000000
q5345	0.500000	0.500000	0.500000	0.500000
q5346	0.000000	0.000000	0.000000	0.000000
q5347	0.000000	0.000000	0.000000	0.000000
q5348	0.000000	0.000000	0.000000	0.000000
q5349	0.000000	0.000000	0.000000	0.000000
q5350	0.000000	0.000000	0.000000	0.000000
q5351	0.000000	0.000000	0.000000	0.000000
q5352	0.000000	0.000000	0.000000	0.000000
q5353	0.000000	0.000000	0.000000	0.000000
q5354	0.000000	0.000000	0.000000	0.000000
q5355	0.000000	0.000000	0.000000	0.000000
q5356	0.000000	0.000000	0.000000	0.000000
q5357	0.000000	0.000000	0.000000	0.000000
q5358	0.315465	0.315465	0.315465	0.315465
q5359	0.000000	0.000000	0.000000	0.000000
q5360	0.000000	0.000000	0.000000	0.000000
q5361	0.000000	0.000000	0.000000	0.000000
q5362	0.000000	0.000000	0.000000	0.000000
q5363	0.000000	0.000000	0.000000	0.000000
q5364	0.000000	0.000000	0.000000	0.000000
q5365	0.000000	0.000000	0.000000	0.000000
q5366	0.000000	0.000000	0.000000	0.000000
q5367	0.000000	0.000000	0.000000	0.000000
q5368	0.000000	0.000000	0.000000	0.000000
q5369	0.000000	0.000000	0.000000	0.000000
q5370	0.000000	0.000000	0.000000	0.000000
q5371	0.000000	0.000000	0.000000	0.000000
q5372	0.000000	0.000000	0.000000	0.000000
q5373	0.000000	0.000000	0.000000	0.000000
q5374	0.000000	0.000000	0.000000	0.000000
q5375	0.000000	0.000000	0.000000	0.000000
q5376	0.000000	0.000000	0.000000	0.000000
q5377	0.000000	0.000000	0.000000	0.000000
q5378	0.000000	0.000000	0.000000	0.000000
q5379	0.000000	0.000000	0.000000	0.000000
q5380	0.000000	0.000000	0.000000	0.000000
q5381	0.000000	0.000000	0.000000	0.000000
q5382	0.000000	0.000000	0.000000	0.000000
q5383	0.000000	0.000000	0.000000	0.000000
q5384	0.000000	0.000000	0.000000	0.000000
q5385	0.000000	0.000000	0.000000	0.000000
q5386	0.000000	0.000000	0.000000	0.000000
q5387	0.000000	0.000000	0.000000	0.000000
q5388	0.000000	0.000000	0.000000	0.000000
q5389	0.000000	0.000000	0.000000	0.000000
q5390	0.000000	0.000000	0.000000	0.000000
q5391	0.000000	0.000000	0.000000	0.000000
q5392	0.000000	0.000000	0.000000	0.000000
q5393	0.000000	0.000000	0.000000	0.000000
q5394	0.000000	0.000000	0.000000	0.000000
q5395	0.000000	0.000000	0.000000	0.000000
q5396	0.000000	0.000000	0.000000	0.000000
q5397	0.000000	0.000000	0.000000	0.000000
q5398	0.000000	0.000000	0.000000	0.000000
q5399	0.000000	0.000000	0.000000	0.000000
q5400	0.000000	0.000000	0.000000	0.000000
q5401	0.000000	0.000000	0.000000	0.000000
q5402	0.000000	0.000000	0.000000	0.000000
q5403	0.000000	0.000000	0.000000	0.000000
q5404	0.000000	0.000000	0.000000	0.000000
q5405	0.000000	0.000000	0.000000	0.000000
q5406	0.000000	0.000000	0.000000	0.000000
q5407	0.000000	0.000000	0.000000	0.000000
q5408	0.000000	0.000000	0.000000	0.000000
q5409	0.000000	0.000000	0.000000	0.000000
q5410	0.500000	0.500000	0.500000	0.500000
q5411	0.000000	0.000000	0.000000	0.000000
q5412	0.000000	0.000000	0.000000	0.000000
q5413	0.000000	0.000000	0.000000	0.000000
q5414	0.000000	0.000000	0.000000	0.000000
q5415	0.000000	0.000000	0.000000	0.000000
q5416	0.000000	0.000000	0.000000	0.000000
q5417	0.000000	0.000000	0.000000	0.000000
q5418	0.000000	0.000000	0.000000	0.000000
q5419	0.000000	0.000000	0.000000	0.000000
q5420	0.000000	0.000000	0.000000	0.000000
q5421	0.000000	0.000000	0.000000	0.000000
q5422	0.000000	0.000000	0.000000	0.000000
q5423	0.000000	0.000000	0.000000	0.000000
q5424	0.000000	0.000000	0.000000	0.000000
q5425	0.000000	0.000000	0.000000	0.000000
q5426	0.000000	0.000000	0.000000	0.000000
q5427	0.000000	0.000000	0.000000	0.000000
q5428	0.000000	0.000000	0.000000	0.000000
q5429	0.000000	0.000000	0.000000	0.000000
q5430	0.000000	0.000000	0.000000	0.000000
q5431	0.000000	0.000000	0.000000	0.000000
q5432	0.000000	0.000000	0.000000	0.000000
q5433	0.000000	0.000000	0.000000	0.000000
q5434	0.000000	0.000000	0.000000	0.000000
q5435	0.630930	0.630930	0.630930	0.630930
q5436	0.000000	0.000000	0.000000	0.000000
q5437	0.000000	0.000000	0.000000	0.000000
q5438	0.000000	0.000000	0.000000	0.000000
q5439	0.000000	0.000000	0.000000	0.000000
q5440	0.000000	0.000000	0.000000	0.000000
q5441	0.000000	0.000000	0.000000	0.000000
q5442	0.000000	0.000000	0.000000	0.000000
q5443	0.000000	0.000000	0.000000	0.000000
q5444	0.000000	0.000000	0.000000	0.000000
q5445	0.000000	0.000000	0.000000	0.000000
q5446	0.000000	0.000000	0.000000	0.000000
q5447	0.000000	0.000000	0.000000	0.000000
q5448	0.000000	0.000000	0.000000	0.000000
q5449	0.315465	0.315465	0.315465	0.315465
q5450	0.000000	0.000000	0.000000	0.000000
q5451	0.000000	0.000000	0.000000	0.000000
q5452	0.000000	0.000000	0.000000	0.000000
q5453	1.000000	1.000000	1.000000	1.000000
q5454	0.000000	0.000000	0.000000	0.000000
q5455	0.000000	0.000000	0.000000	0.000000
q5456	0.000000	0.000000	0.000000	0.000000
q5457	1.000000	1.000000	1.000000	1.000000
q5458	0.000000	0.000000	0.000000	0.000000
q5459	0.000000	0.000000	0.000000	0.000000
q5460	0.000000	0.000000	0.000000	0.000000
q5461	0.000000	0.000000	0.000000	0.000000
q5462	0.000000	0.000000	0.000000	0.000000
q5463	0.000000	0.000000	0.000000	0.000000
q5464	0.356207	0.356207	0.356207	0.356207
q5465	0.500000	0.500000	0.500000	0.500000
q5466	0.000000	0.000000	0.000000	0.000000
q5467	0.000000	0.000000	0.000000	0.000000
q5468	0.000000	0.000000	0.000000	0.000000
q5469	0.000000	0.000000	0.000000	0.000000
q5470	0.386853	0.386853	0.386853	0.386853
q5471	1.000000	1.000000	1.000000	1.000000
q5472	0.000000	0.000000	0.000000	0.000000
q5473	0.000000	0.000000	0.000000	0.000000
q5474	0.000000	0.000000	0.000000	0.000000
q5475	0.000000	0.000000	0.000000	0.000000
q5476	0.000000	0.000000	0.000000	0.000000
q5477	0.000000	0.000000	0.000000	0.000000
q5478	0.386853	0.386853	0.386853	0.386853
q5479	0.000000	0.000000	0.000000	0.000000
q5480	0.000000	0.000000	0.000000	0.000000
q5481	0.000000	0.000000	0.000000	0.000000
q5482	0.000000	0.000000	0.000000	0.000000
q5483	0.000000	0.000000	0.000000	0.000000
q5484	0.000000	0.000000	0.000000	0.000000
q5485	0.000000	0.000000	0.000000	0.000000
q5486	0.000000	0.000000	0.000000	0.000000
q5487	0.000000	0.000000	0.000000	0.000000
q5488	0.000000	0.000000	0.000000	0.000000
q5489	0.000000	0.000000	0.000000	0.000000
q5490	0.000000	0.000000	0.000000	0.000000
q5491	0.000000	0.000000	0.000000	0.000000
q5492	0.000000	0.000000	0.000000	0.000000
q5493	0.000000	0.000000	0.000000	0.000000
q5494	0.000000	0.000000	0.000000	0.000000
q5495	0.000000	0.000000	0.000000	0.000000
q5496	0.000000	0.000000	0.000000	0.000000
q5497	0.000000	0.000000	0.000000	0.000000
q5498	0.000000	0.000000	0.000000	0.000000
q5499	0.000000	0.000000	0.000000	0.000000
q5500	0.000000	0.000000	0.000000	0.000000
q5501	0.000000	0.000000	0.000000	0.000000
q5502	0.000000	0.000000	0.000000	0.000000
q5503	0.000000	0.000000	0.000000	0.000000
q5504	0.000000	0.000000	0.000000	0.000000
q5505	1.000000	1.000000	1.000000	1.000000
q5506	0.000000	0.000000	0.000000	0.000000
q5507	0.000000	0.000000	0.000000	0.000000
q5508	0.000000	0.000000	0.000000	0.000000
q5509	0.000000	0.000000	0.000000	0.000000
q5510	0.000000	0.000000	0.000000	0.000000
q5511	0.000000	0.000000	0.000000	0.000000
q5512	0.000000	0.000000	0.000000	0.000000
q5513	0.500000	0.500000	0.500000	0.500000
q5514	0.000000	0.000000	0.000000	0.000000
q5515	0.000000	0.000000	0.000000	0.000000
q5516	0.000000	0.000000	0.000000	0.000000
q5517	0.000000	0.000000	0.000000	0.000000
q5518	0.000000	0.000000	0.000000	0.000000
q5519	0.000000	0.000000	0.000000	0.000000
q5520	0.000000	0.000000	0.000000	0.000000
q5521	0.000000	0.000000	0.000000	0.000000
q5522	0.000000	0.000000	0.000000	0.000000
q5523	0.000000	0.000000	0.000000	0.000000
q5524	0.000000	0.000000	0.000000	0.000000
q5525	0.000000	0.000000	0.000000	0.000000
q5526	0.000000	0.000000	0.000000	0.000000
q5527	0.000000	0.000000	0.000000	0.000000
q5528	0.000000	0.000000	0.000000	0.000000
q5529	0.000000	0.000000	0.000000	0.000000
q5530	0.000000	0.000000	0.000000	0.000000
q5531	0.000000	0.000000	0.000000	0.000000
q5532	0.000000	0.000000	0.000000	0.000000
q5533	0.000000	0.000000	0.000000	0.000000
q5534	0.000000	0.000000	0.000000	0.000000
q5535	0.000000	0.000000	0.000000	0.000000
q5536	0.000000	0.000000	0.000000	0.000000
q5537	0.000000	0.000000	0.000000	0.000000
q5538	0.000000	0.000000	0.000000	0.000000
q5539	0.000000	0.000000	0.000000	0.000000
q5540	0.000000	0.000000	0.000000	0.000000
q5541	0.356207	0.356207	0.356207	0.356207
q5542	0.000000	0.000000	0.000000	0.000000
q5543	0.000000	0.000000	0.000000	0.000000
q5544	0.000000	0.000000	0.000000	0.000000
q5545	0.000000	0.000000	0.000000	0.000000
q5546	0.000000	0.000000	0.000000	0.000000
q5547	0.000000	0.000000	0.000000	0.000000
q5548	0.000000	0.000000	0.000000	0.000000
q5549	0.000000	0.000000	0.000000	0.000000
q5550	0.000000	0.000000	0.000000	0.000000
q5551	0.386853	0.386853	0.386853	0.386853
q5552	0.000000	0.000000	0.000000	0.000000
q5553	0.000000	0.000000	0.000000	0.000000
q5554	0.000000	0.000000	0.000000	0.000000
q5555	0.000000	0.000000	0.000000	0.000000
q5556	0.000000	0.000000	0.000000	0.000000
q5557	0.000000	0.000000	0.000000	0.000000
q5558	0.000000	0.000000	0.000000	0.000000
q5559	0.000000	0.000000	0.000000	0.000000
q5560	0.000000	0.000000	0.000000	0.000000
q5561	1.000000	1.000000	1.000000	1.000000
q5562	0.000000	0.000000	0.000000	0.000000
q5563	1.000000	1.000000	1.000000	1.000000
q5564	0.301030	0.301030	0.301030	0.301030
q5565	0.000000	0.000000	0.000000	0.000000
q5566	0.000000	0.000000	0.000000	0.000000
q5567	0.000000	0.000000	0.000000	0.000000
q5568	0.000000	0.000000	0.000000	0.000000
q5569	0.000000	0.000000	0.000000	0.000000
q5570	0.000000	0.000000	0.000000	0.000000
q5571	1.000000	1.000000	1.000000	1.000000
q5572	0.000000	0.000000	0.000000	0.000000
q5573	0.000000	0.000000	0.000000	0.000000
q5574	0.000000	0.000000	0.000000	0.000000
q5575	0.000000	0.000000	0.000000	0.000000
q5576	0.000000	0.000000	0.000000	0.000000
q5577	0.000000	0.000000	0.000000	0.000000
q5578	0.000000	0.000000	0.000000	0.000000
q5579	0.000000	0.000000	0.000000	0.000000
q5580	0.000000	0.000000	0.000000	0.000000
q5581	0.000000	0.000000	0.000000	0.000000
q5582	0.000000	0.000000	0.000000	0.000000
q5583	0.000000	0.000000	0.000000	0.000000
q5584	0.000000	0.000000	0.000000	0.000000
q5585	0.000000	0.000000	0.000000	0.000000
q5586	0.000000	0.000000	0.000000	0.000000
q5587	0.000000	0.000000	0.000000	0.000000
q5588	0.000000	0.000000	0.000000	0.000000
q5589	0.000000	0.000000	0.000000	0.000000
q5590	0.000000	0.000000	0.000000	0.000000
q5591	0.000000	0.000000	0.000000	0.000000
q5592	0.000000	0.000000	0.000000	0.000000
q5593	0.000000	0.000000	0.000000	0.000000
q5594	0.000000	0.000000	0.000000	0.000000
q5595	0.000000	0.000000	0.000000	0.000000
q5596	0.000000	0.000000	0.000000	0.000000
q5597	0.430677	0.430677	0.430677	0.430677
q5598	0.000000	0.000000	0.000000	0.000000
q5599	1.000000	1.000000	1.000000	1.000000
q5600	0.000000	0.000000	0.000000	0.000000
q5601	0.000000	0.000000	0.000000	0.000000
q5602	1.000000	1.000000	1.000000	1.000000
q5603	1.000000	1.000000	1.000000	1.000000
q5604	0.000000	0.000000	0.000000	0.000000
q5605	0.000000	0.000000	0.000000	0.000000
q5606	0.500000	0.500000	0.500000	0.500000
q5607	0.386853	0.386853	0.386853	0.386853
q5608	0.000000	0.000000	0.000000	0.000000
q5609	0.000000	0.000000	0.000000	0.000000
q5610	0.000000	0.000000	0.000000	0.000000
q5611	0.356207	0.356207	0.356207	0.356207
q5612	0.000000	0.000000	0.000000	0.000000
q5613	0.000000	0.000000	0.000000	0.000000
q5614	0.000000	0.000000	0.000000	0.000000
q5615	0.386853	0.386853	0.386853	0.386853
q5616	0.000000	0.000000	0.000000	0.000000
q5617	0.000000	0.000000	0.000000	0.000000
q5618	0.000000	0.000000	0.000000	0.000000
q5619	0.000000	0.000000	0.000000	0.000000
q5620	0.000000	0.000000	0.000000	0.000000
q5621	0.000000	0.000000	0.000000	0.000000
q5622	0.000000	0.000000	0.000000	0.000000
q5623	0.000000	0.000000	0.000000	0.000000
q5624	0.000000	0.000000	0.000000	0.000000
q5625	0.000000	0.000000	0.000000	0.000000
q5626	0.000000	0.000000	0.000000	0.000000
q5627	0.000000	0.000000	0.000000	0.000000
q5628	0.000000	0.000000	0.000000	0.000000
q5629	0.000000	0.000000	0.000000	0.000000
q5630	0.000000	0.000000	0.000000	0.000000
q5631	0.315465	0.315465	0.315465	0.315465
q5632	0.000000	0.000000	0.000000	0.000000
q5633	0.000000	0.000000	0.000000	0.000000
q5634	0.000000	0.000000	0.000000	0.000000
q5635	0.315465	0.315465	0.315465	0.315465
q5636	0.000000	0.000000	0.000000	0.000000
q5637	0.000000	0.000000	0.000000	0.000000
q5638	0.000000	0.000000	0.000000	0.000000
q5639	0.000000	0.000000	0.000000	0.000000
q5640	0.000000	0.000000	0.000000	0.000000
q5641	0.000000	0.000000	0.000000	0.000000
q5642	0.000000	0.000000	0.000000	0.000000
q5643	0.000000	0.000000	0.000000	0.000000
q5644	0.000000	0.000000	0.000000	0.000000
q5645	0.630930	0.630930	0.630930	0.630930
q5646	0.000000	0.000000	0.000000	0.000000
q5647	0.000000	0.000000	0.000000	0.000000
q5648	1.000000	1.000000	1.000000	1.000000
q5649	0.000000	0.000000	0.000000	0.000000
q5650	0.000000	0.000000	0.000000	0.000000
q5651	0.289065	0.289065	0.289065	0.289065
q5652	0.000000	0.000000	0.000000	0.000000
q5653	0.386853	0.386853	0.386853	0.386853
q5654	0.000000	0.000000	0.000000	0.000000
q5655	0.000000	0.000000	0.000000	0.000000
q5656	0.000000	0.000000	0.000000	0.000000
q5657	1.000000	1.000000	1.000000	1.000000
q5658	0.000000	0.000000	0.000000	0.000000
q5659	0.000000	0.000000	0.000000	0.000000
q5660	0.289065	0.289065	0.289065	0.289065
q5661	0.000000	0.000000	0.000000	0.000000
q5662	0.000000	0.000000	0.000000	0.000000
q5663	0.000000	0.000000	0.000000	0.000000
q5664	0.000000	0.000000	0.000000	0.000000
q5665	0.000000	0.000000	0.000000	0.000000
q5666	0.000000	0.000000	0.000000	0.000000
q5667	0.000000	0.000000	0.000000	0.000000
q5668	0.000000	0.000000	0.000000	0.000000
q5669	0.000000	0.000000	0.000000	0.000000
q5670	0.000000	0.000000	0.000000	0.000000
q5671	0.000000	0.000000	0.000000	0.000000
q5672	0.000000	0.000000	0.000000	0.000000
q5673	0.000000	0.000000	0.000000	0.000000
q5674	0.000000	0.000000	0.000000	0.000000
q5675	0.630930	0.630930	0.630930	0.630930
q5676	0.000000	0.000000	0.000000	0.000000
q5677	0.000000	0.000000	0.000000	0.000000
q5678	0.000000	0.000000	0.000000	0.000000
q5679	0.630930	0.630930	0.630930	0.630930
q5680	0.000000	0.000000	0.000000	0.000000
q5681	0.000000	0.000000	0.000000	0.000000
q5682	0.000000	0.000000	0.000000	0.000000
q5683	0.000000	0.000000	0.000000	0.000000
q5684	0.000000	0.000000	0.000000	0.000000
q5685	0.000000	0.000000	0.000000	0.000000
q5686	0.000000	0.000000	0.000000	0.000000
q5687	0.000000	0.000000	0.000000	0.000000
q5688	0.000000	0.000000	0.000000	0.000000
q5689	0.000000	0.000000	0.000000	0.000000
q5690	0.000000	0.000000	0.000000	0.000000
q5691	0.000000	0.000000	0.000000	0.000000
q5692	0.000000	0.000000	0.000000	0.000000
q5693	0.000000	0.000000	0.000000	0.000000
q5694	0.000000	0.000000	0.000000	0.000000
q5695	0.000000	0.000000	0.000000	0.000000
q5696	0.000000	0.000000	0.000000	0.000000
q5697	0.000000	0.000000	0.000000	0.000000
q5698	0.000000	0.000000	0.000000	0.000000
q5699	0.000000	0.000000	0.000000	0.000000
q5700	0.000000	0.000000	0.000000	0.000000
q5701	0.000000	0.000000	0.000000	0.000000
q5702	0.430677	0.430677	0.430677	0.430677
q5703	0.630930	0.630930	0.630930	0.630930
q5704	0.000000	0.000000	0.000000	0.000000
q5705	0.000000	0.000000	0.000000	0.000000
q5706	0.000000	0.000000	0.000000	0.000000
q5707	0.000000	0.000000	0.000000	0.000000
q5708	0.000000	0.000000	0.000000	0.000000
q5709	0.000000	0.000000	0.000000	0.000000
q5710	0.000000	0.000000	0.000000	0.000000
q5711	0.000000	0.000000	0.000000	0.000000
q5712	0.000000	0.000000	0.000000	0.000000
q5713	0.000000	0.000000	0.000000	0.000000
q5714	0.000000	0.000000	0.000000	0.000000
q5715	0.000000	0.000000	0.000000	0.000000
q5716	0.000000	0.000000	0.000000	0.000000
q5717	0.000000	0.000000	0.000000	0.000000
q5718	0.315465	0.315465	0.315465	0.315465
q5719	0.000000	0.000000	0.000000	0.000000
q5720	0.000000	0.000000	0.000000	0.000000
q5721	0.000000	0.000000	0.000000	0.000000
q5722	0.000000	0.000000	0.000000	0.000000
q5723	0.000000	0.000000	0.000000	0.000000
q5724	0.000000	0.000000	0.000000	0.000000
q5725	0.000000	0.000000	0.000000	0.000000
q5726	0.630930	0.630930	0.630930	0.630930
q5727	0.000000	0.000000	0.000000	0.000000
q5728	0.000000	0.000000	0.000000	0.000000
q5729	0.000000	0.000000	0.000000	0.000000
q5730	0.000000	0.000000	0.000000	0.000000
q5731	0.000000	0.000000	0.000000	0.000000
q5732	0.430677	0.430677	0.430677	0.430677
q5733	0.000000	0.000000	0.000000	0.000000
q5734	0.000000	0.000000	0.000000	0.000000
q5735	0.000000	0.000000	0.000000	0.000000
q5736	0.630930	0.630930	0.630930	0.630930
q5737	0.000000	0.000000	0.000000	0.000000
q5738	0.000000	0.000000	0.000000	0.000000
q5739	0.000000	0.000000	0.000000	0.000000
q5740	0.000000	0.000000	0.000000	0.000000
q5741	0.000000	0.000000	0.000000	0.000000
q5742	0.000000	0.000000	0.000000	0.000000
q5743	0.000000	0.000000	0.000000	0.000000
q5744	0.000000	0.000000	0.000000	0.000000
q5745	0.000000	0.000000	0.000000	0.000000
q5746	0.000000	0.000000	0.000000	0.000000
q5747	0.000000	0.000000	0.000000	0.000000
q5748	1.000000	1.000000	1.000000	1.000000
q5749	0.000000	0.000000	0.000000	0.000000
q5750	0.000000	0.000000	0.000000	0.000000
q5751	0.000000	0.000000	0.000000	0.000000
q5752	0.500000	0.500000	0.500000	0.500000
q5753	0.000000	0.000000	0.000000	0.000000
q5754	0.000000	0.000000	0.000000	0.000000
q5755	0.000000	0.000000	0.000000	0.000000
q5756	0.000000	0.000000	0.000000	0.000000
q5757	0.000000	0.000000	0.000000	0.000000
q5758	0.000000	0.000000	0.000000	0.000000
q5759	0.000000	0.000000	0.000000	0.000000
q5760	1.000000	1.000000	1.000000	1.000000
q5761	1.000000	1.000000	1.000000	1.000000
q5762	0.000000	0.000000	0.000000	0.000000
q5763	1.000000	1.000000	1.000000	1.000000
q5764	0.000000	0.000000	0.000000	0.000000
q5765	0.000000	0.000000	0.000000	0.000000
q5766	0.315465	0.315465	0.315465	0.315465
q5767	0.000000	0.000000	0.000000	0.000000
q5768	0.000000	0.000000	0.000000	0.000000
q5769	0.000000	0.000000	0.000000	0.000000
q5770	0.000000	0.000000	0.000000	0.000000
q5771	0.000000	0.000000	0.000000	0.000000
q5772	0.430677	0.430677	0.430677	0.430677
q5773	0.000000	0.000000	0.000000	0.000000
q5774	0.000000	0.000000	0.000000	0.000000
q5775	0.000000	0.000000	0.000000	0.000000
q5776	0.000000	0.000000	0.000000	0.000000
q5777	0.000000	0.000000	0.000000	0.000000
q5778	0.000000	0.000000	0.000000	0.000000
q5779	0.000000	0.000000	0.000000	0.000000
q5780	0.000000	0.000000	0.000000	0.000000
q5781	0.000000	0.000000	0.000000	0.000000
q5782	0.000000	0.000000	0.000000	0.000000
q5783	0.000000	0.000000	0.000000	0.000000
q5784	0.000000	0.000000	0.000000	0.000000
q5785	0.000000	0.000000	0.000000	0.000000
q5786	0.000000	0.000000	0.000000	0.000000
q5787	0.289065	0.289065	0.289065	0.289065
q5788	0.000000	0.000000	0.000000	0.000000
q5789	0.000000	0.000000	0.000000	0.000000
q5790	0.000000	0.000000	0.000000	0.000000
q5791	0.000000	0.000000	0.000000	0.000000
q5792	0.000000	0.000000	0.000000	0.000000
q5793	0.000000	0.000000	0.000000	0.000000
q5794	0.000000	0.000000	0.000000	0.000000
q5795	0.000000	0.000000	0.000000	0.000000
q5796	0.000000	0.000000	0.000000	0.000000
q5797	0.000000	0.000000	0.000000	0.000000
q5798	0.500000	0.500000	0.500000	0.500000
q5799	0.000000	0.000000	0.000000	0.000000
q5800	0.000000	0.000000	0.000000	0.000000
q5801	0.356207	0.356207	0.356207	0.356207
q5802	0.000000	0.000000	0.000000	0.000000
q5803	0.000000	0.000000	0.000000	0.000000
q5804	0.630930	0.630930	0.630930	0.630930
q5805	0.000000	0.000000	0.000000	0.000000
q5806	0.000000	0.000000	0.000000	0.000000
q5807	0.386853	0.386853	0.386853	0.386853
q5808	0.000000	0.000000	0.000000	0.000000
q5809	0.000000	0.000000	0.000000	0.000000
q5810	0.000000	0.000000	0.000000	0.000000
q5811	0.000000	0.000000	0.000000	0.000000
q5812	0.000000	0.000000	0.000000	0.000000
q5813	0.000000	0.000000	0.000000	0.000000
q5814	0.000000	0.000000	0.000000	0.000000
q5815	0.000000	0.000000	0.000000	0.000000
q5816	0.000000	0.000000	0.000000	0.000000
q5817	0.000000	0.000000	0.000000	0.000000
q5818	0.000000	0.000000	0.000000	0.000000
q5819	0.000000	0.000000	0.000000	0.000000
q5820	0.289065	0.289065	0.289065	0.289065
q5821	0.000000	0.000000	0.000000	0.000000
q5822	0.000000	0.000000	0.000000	0.000000
q5823	0.000000	0.000000	0.000000	0.000000
q5824	0.000000	0.000000	0.000000	0.000000
q5825	0.000000	0.000000	0.000000	0.000000
q5826	0.000000	0.000000	0.000000	0.000000
q5827	0.000000	0.000000	0.000000	0.000000
q5828	0.000000	0.000000	0.000000	0.000000
q5829	0.000000	0.000000	0.000000	0.000000
q5830	0.000000	0.000000	0.000000	0.000000
q5831	0.000000	0.000000	0.000000	0.000000
q5832	0.000000	0.000000	0.000000	0.000000
q5833	0.000000	0.000000	0.000000	0.000000
q5834	0.000000	0.000000	0.000000	0.000000
q5835	0.000000	0.000000	0.000000	0.000000
q5836	0.000000	0.000000	0.000000	0.000000
q5837	0.500000	0.500000	0.500000	0.500000
q5838	0.000000	0.000000	0.000000	0.000000
q5839	0.000000	0.000000	0.000000	0.000000
q5840	0.000000	0.000000	0.000000	0.000000
q5841	0.000000	0.000000	0.000000	0.000000
q5842	0.000000	0.000000	0.000000	0.000000
q5843	0.000000	0.000000	0.000000	0.000000
q5844	0.386853	0.386853	0.386853	0.386853
q5845	0.000000	0.000000	0.000000	0.000000
q5846	0.630930	0.630930	0.630930	0.630930
q5847	0.000000	0.000000	0.000000	0.000000
q5848	0.000000	0.000000	0.000000	0.000000
q5849	0.000000	0.000000	0.000000	0.000000
q5850	0.000000	0.000000	0.000000	0.000000
q5851	0.000000	0.000000	0.000000	0.000000
q5852	0.000000	0.000000	0.000000	0.000000
q5853	0.000000	0.000000	0.000000	0.000000
q5854	0.000000	0.000000	0.000000	0.000000
q5855	0.000000	0.000000	0.000000	0.000000
q5856	0.000000	0.000000	0.000000	0.000000
q5857	0.000000	0.000000	0.000000	0.000000
q5858	0.000000	0.000000	0.000000	0.000000
q5859	0.000000	0.000000	0.000000	0.000000
q5860	0.000000	0.000000	0.000000	0.000000
q5861	0.000000	0.000000	0.000000	0.000000
q5862	0.000000	0.000000	0.000000	0.000000
q5863	0.000000	0.000000	0.000000	0.000000
q5864	0.000000	0.000000	0.000000	0.000000
q5865	0.000000	0.000000	0.000000	0.000000
q5866	0.000000	0.000000	0.000000	0.000000
q5867	0.000000	0.000000	0.000000	0.000000
q5868	0.000000	0.000000	0.000000	0.000000
q5869	0.000000	0.000000	0.000000	0.000000
q5870	0.000000	0.000000	0.000000	0.000000
q5871	0.000000	0.000000	0.000000	0.000000
q5872	0.000000	0.000000	0.000000	0.000000
q5873	0.000000	0.000000	0.000000	0.000000
q5874	0.000000	0.000000	0.000000	0.000000
q5875	0.000000	0.000000	0.000000	0.000000
q5876	0.000000	0.000000	0.000000	0.000000
q5877	0.000000	0.000000	0.000000	0.000000
q5878	0.000000	0.000000	0.000000	0.000000
q5879	0.000000	0.000000	0.000000	0.000000
q5880	0.000000	0.000000	0.000000	0.000000
q5881	0.000000	0.000000	0.000000	0.000000
q5882	0.000000	0.000000	0.000000	0.000000
q5883	0.000000	0.000000	0.000000	0.000000
q5884	0.000000	0.000000	0.000000	0.000000
q5885	0.000000	0.000000	0.000000	0.000000
q5886	0.000000	0.000000	0.000000	0.000000
q5887	0.000000	0.000000	0.000000	0.000000
q5888	0.000000	0.000000	0.000000	0.000000
q5889	0.000000	0.000000	0.000000	0.000000
q5890	0.000000	0.000000	0.000000	0.000000
q5891	0.000000	0.000000	0.000000	0.000000
q5892	0.000000	0.000000	0.000000	0.000000
q5893	0.000000	0.000000	0.000000	0.000000
q5894	0.000000	0.000000	0.000000	0.000000
q5895	0.000000	0.000000	0.000000	0.000000
q5896	0.000000	0.000000	0.000000	0.000000
q5897	0.000000	0.000000	0.000000	0.000000
q5898	0.000000	0.000000	0.000000	0.000000
q5899	0.000000	0.000000	0.000000	0.000000
q5900	0.000000	0.000000	0.000000	0.000000
q5901	0.000000	0.000000	0.000000	0.000000
q5902	0.000000	0.000000	0.000000	0.000000
q5903	0.000000	0.000000	0.000000	0.000000
q5904	0.000000	0.000000	0.000000	0.000000
q5905	0.000000	0.000000	0.000000	0.000000
q5906	0.000000	0.000000	0.000000	0.000000
q5907	0.000000	0.000000	0.000000	0.000000
q5908	0.000000	0.000000	0.000000	0.000000
q5909	0.000000	0.000000	0.000000	0.000000
q5910	0.430677	0.430677	0.430677	0.430677
q5911	0.000000	0.000000	0.000000	0.000000
q5912	1.000000	1.000000	1.000000	1.000000
q5913	0.000000	0.000000	0.000000	0.000000
q5914	0.000000	0.000000	0.000000	0.000000
q5915	0.000000	0.000000	0.000000	0.000000
q5916	1.000000	1.000000	1.000000	1.000000
q5917	0.000000	0.000000	0.000000	0.000000
q5918	0.000000	0.000000	0.000000	0.000000
q5919	0.301030	0.301030	0.301030	0.301030
q5920	0.000000	0.000000	0.000000	0.000000
q5921	0.000000	0.000000	0.000000	0.000000
q5922	1.000000	1.000000	1.000000	1.000000
q5923	0.000000	0.000000	0.000000	0.000000
q5924	0.000000	0.000000	0.000000	0.000000
q5925	0.000000	0.000000	0.000000	0.000000
q5926	0.000000	0.000000	0.000000	0.000000
q5927	0.000000	0.000000	0.000000	0.000000
q5928	0.000000	0.000000	0.000000	0.000000
q5929	0.000000	0.000000	0.000000	0.000000
q5930	0.000000	0.000000	0.000000	0.000000
q5931	0.000000	0.000000	0.000000	0.000000
q5932	0.000000	0.000000	0.000000	0.000000
q5933	0.000000	0.000000	0.000000	0.000000
q5934	0.000000	0.000000	0.000000	0.000000
q5935	0.000000	0.000000	0.000000	0.000000
q5936	0.000000	0.000000	0.000000	0.000000
q5937	0.289065	0.289065	0.289065	0.289065
q5938	1.000000	1.000000	1.000000	1.000000
q5939	0.000000	0.000000	0.000000	0.000000
q5940	0.630930	0.630930	0.630930	0.630930
q5941	0.000000	0.000000	0.000000	0.000000
q5942	0.430677	0.430677	0.430677	0.430677
q5943	0.000000	0.000000	0.000000	0.000000
q5944	0.000000	0.000000	0.000000	0.000000
q5945	0.000000	0.000000	0.000000	0.000000
q5946	0.000000	0.000000	0.000000	0.000000
q5947	0.000000	0.000000	0.000000	0.000000
q5948	0.000000	0.000000	0.000000	0.000000
q5949	0.500000	0.500000	0.500000	0.500000
q5950	0.000000	0.000000	0.000000	0.000000
q5951	0.000000	0.000000	0.000000	0.000000
q5952	0.315465	0.315465	0.315465	0.315465
q5953	0.000000	0.000000	0.000000	0.000000
q5954	0.000000	0.000000	0.000000	0.000000
q5955	0.000000	0.000000	0.000000	0.000000
q5956	0.000000	0.000000	0.000000	0.000000
q5957	0.000000	0.000000	0.000000	0.000000
q5958	0.000000	0.000000	0.000000	0.000000
q5959	0.000000	0.000000	0.000000	0.000000
q5960	0.000000	0.000000	0.000000	0.000000
q5961	0.000000	0.000000	0.000000	0.000000
q5962	0.000000	0.000000	0.000000	0.000000
q5963	0.000000	0.000000	0.000000	0.000000
q5964	0.000000	0.000000	0.000000	0.000000
q5965	0.630930	0.630930	0.630930	0.630930
q5966	0.000000	0.000000	0.000000	0.000000
q5967	0.000000	0.000000	0.000000	0.000000
q5968	0.000000	0.000000	0.000000	0.000000
q5969	0.356207	0.356207	0.356207	0.356207
q5970	0.000000	0.000000	0.000000	0.000000
q5971	0.000000	0.000000	0.000000	0.000000
q5972	0.000000	0.000000	0.000000	0.000000
q5973	0.000000	0.000000	0.000000	0.000000
q5974	0.000000	0.000000	0.000000	0.000000
q5975	0.000000	0.000000	0.000000	0.000000
q5976	0.000000	0.000000	0.000000	0.000000
q5977	0.000000	0.000000	0.000000	0.000000
q5978	0.000000	0.000000	0.000000	0.000000
q5979	0.000000	0.000000	0.000000	0.000000
q5980	0.000000	0.000000	0.000000	0.000000
q5981	0.000000	0.000000	0.000000	0.000000
q5982	0.000000	0.000000	0.000000	0.000000
q5983	0.000000	0.000000	0.000000	0.000000
q5984	0.000000	0.000000	0.000000	0.000000
q5985	0.000000	0.000000	0.000000	0.000000
q5986	0.000000	0.000000	0.000000	0.000000
q5987	0.430677	0.430677	0.430677	0.430677
q5988	0.000000	0.000000	0.000000	0.000000
q5989	0.000000	0.000000	0.000000	0.000000
q5990	0.000000	0.000000	0.000000	0.000000
q5991	0.000000	0.000000	0.000000	0.000000
q5992	1.000000	1.000000	1.000000	1.000000
q5993	0.000000	0.000000	0.000000	0.000000
q5994	0.000000	0.000000	0.000000	0.000000
q5995	1.000000	1.000000	1.000000	1.000000
q5996	0.000000	0.000000	0.000000	0.000000
q5997	0.430677	0.430677	0.430677	0.430677
q5998	0.000000	0.000000	0.000000	0.000000
q5999	0.000000	0.000000	0.000000	0.000000
q6000	0.000000	0.000000	0.000000	0.000000
q6001	0.000000	0.000000	0.000000	0.000000
q6002	0.000000	0.000000	0.000000	0.000000
q6003	0.000000	0.000000	0.000000	0.000000
q6004	0.000000	0.000000	0.000000	0.000000
q6005	0.000000	0.000000	0.000000	0.000000
q6006	0.000000	0.000000	0.000000	0.000000
q6007	0.000000	0.000000	0.000000	0.000000
q6008	0.000000	0.000000	0.000000	0.000000
q6009	0.301030	0.301030	0.301030	0.301030
q6010	0.000000	0.000000	0.000000	0.000000
q6011	0.000000	0.000000	0.000000	0.000000
q6012	0.000000	0.000000	0.000000	0.000000
q6013	0.000000	0.000000	0.000000	0.000000
q6014	0.000000	0.000000	0.000000	0.000000
q6015	0.000000	0.000000	0.000000	0.000000
q6016	0.000000	0.000000	0.000000	0.000000
q6017	0.000000	0.000000	0.000000	0.000000
q6018	0.000000	0.000000	0.000000	0.000000
q6019	0.000000	0.000000	0.000000	0.000000
q6020	0.000000	0.000000	0.000000	0.000000
q6021	0.000000	0.000000	0.000000	0.000000
q6022	0.000000	0.000000	0.000000	0.000000
q6023	0.000000	0.000000	0.000000	0.000000
q6024	0.000000	0.000000	0.000000	0.000000
q6025	0.000000	0.000000	0.000000	0.000000
q6026	0.500000	0.500000	0.500000	0.500000
q6027	0.000000	0.000000	0.000000	0.000000
q6028	0.000000	0.000000	0.000000	0.000000
q6029	0.000000	0.000000	0.000000	0.000000
q6030	0.000000	0.000000	0.000000	0.000000
q6031	0.430677	0.430677	0.430677	0.430677
q6032	0.000000	0.000000	0.000000	0.000000
q6033	0.000000	0.000000	0.000000	0.000000
q6034	0.000000	0.000000	0.000000	0.000000
q6035	0.000000	0.000000	0.000000	0.000000
q6036	0.000000	0.000000	0.000000	0.000000
q6037	0.630930	0.630930	0.630930	0.630930
q6038	0.000000	0.000000	0.000000	0.000000
q6039	0.000000	0.000000	0.000000	0.000000
q6040	0.000000	0.000000	0.000000	0.000000
q6041	0.000000	0.000000	0.000000	0.000000
q6042	0.630930	0.630930	0.630930	0.630930
q6043	0.000000	0.000000	0.000000	0.000000
q6044	0.000000	0.000000	0.000000	0.000000
q6045	0.000000	0.000000	0.000000	0.000000
q6046	0.000000	0.000000	0.000000	0.000000
q6047	0.000000	0.000000	0.000000	0.000000
q6048	0.000000	0.000000	0.000000	0.000000
q6049	0.000000	0.000000	0.000000	0.000000
q6050	0.000000	0.000000	0.000000	0.000000
q6051	0.000000	0.000000	0.000000	0.000000
q6052	0.000000	0.000000	0.000000	0.000000
q6053	0.000000	0.000000	0.000000	0.000000
q6054	0.000000	0.000000	0.000000	0.000000
q6055	0.000000	0.000000	0.000000	0.000000
q6056	0.000000	0.000000	0.000000	0.000000
q6057	0.000000	0.000000	0.000000	0.000000
q6058	0.000000	0.000000	0.000000	0.000000
q6059	0.000000	0.000000	0.000000	0.000000
q6060	0.000000	0.000000	0.000000	0.000000
q6061	0.000000	0.000000	0.000000	0.000000
q6062	0.000000	0.000000	0.000000	0.000000
q6063	0.000000	0.000000	0.000000	0.000000
q6064	0.430677	0.430677	0.430677	0.430677
q6065	1.000000	1.000000	1.000000	1.000000
q6066	0.000000	0.000000	0.000000	0.000000
q6067	0.000000	0.000000	0.000000	0.000000
q6068	0.000000	0.000000	0.000000	0.000000
q6069	0.000000	0.000000	0.000000	0.000000
q6070	0.000000	0.000000	0.000000	0.000000
q6071	0.000000	0.000000	0.000000	0.000000
q6072	0.000000	0.000000	0.000000	0.000000
q6073	0.000000	0.000000	0.000000	0.000000
q6074	0.000000	0.000000	0.000000	0.000000
q6075	0.000000	0.000000	0.000000	0.000000
q6076	0.000000	0.000000	0.000000	0.000000
q6077	0.000000	0.000000	0.000000	0.000000
q6078	0.000000	0.000000	0.000000	0.000000
q6079	0.000000	0.000000	0.000000	0.000000
q6080	0.000000	0.000000	0.000000	0.000000
q6081	0.000000	0.000000	0.000000	0.000000
q6082	0.630930	0.630930	0.630930	0.630930
q6083	0.000000	0.000000	0.000000	0.000000
q6084	0.000000	0.000000	0.000000	0.000000
q6085	0.000000	0.000000	0.000000	0.000000
q6086	0.000000	0.000000	0.000000	0.000000
q6087	0.000000	0.000000	0.000000	0.000000
q6088	0.000000	0.000000	0.000000	0.000000
q6089	0.386853	0.386853	0.386853	0.386853
q6090	0.000000	0.000000	0.000000	0.000000
q6091	0.000000	0.000000	0.000000	0.000000
q6092	0.000000	0.000000	0.000000	0.000000
q6093	0.000000	0.000000	0.000000	0.000000
q6094	0.000000	0.000000	0.000000	0.000000
q6095	0.000000	0.000000	0.000000	0.000000
q6096	0.000000	0.000000	0.000000	0.000000
q6097	0.000000	0.000000	0.000000	0.000000
q6098	0.000000	0.000000	0.000000	0.000000
q6099	0.000000	0.000000	0.000000	0.000000
q6100	0.000000	0.000000	0.000000	0.000000
q6101	0.000000	0.000000	0.000000	0.000000
q6102	0.000000	0.000000	0.000000	0.000000
q6103	0.000000	0.000000	0.000000	0.000000
q6104	0.000000	0.000000	0.000000	0.000000
q6105	0.000000	0.000000	0.000000	0.000000
q6106	0.000000	0.000000	0.000000	0.000000
q6107	0.000000	0.000000	0.000000	0.000000
q6108	0.386853	0.386853	0.386853	0.386853
q6109	0.000000	0.000000	0.000000	0.000000
q6110	0.000000	0.000000	0.000000	0.000000
q6111	0.000000	0.000000	0.000000	0.000000
q6112	1.000000	1.000000	1.000000	1.000000
q6113	0.000000	0.000000	0.000000	0.000000
q6114	0.000000	0.000000	0.000000	0.000000
q6115	0.430677	0.430677	0.430677	0.430677
q6116	0.000000	0.000000	0.000000	0.000000
q6117	0.000000	0.000000	0.000000	0.000000
q6118	0.000000	0.000000	0.000000	0.000000
q6119	0.356207	0.356207	0.356207	0.356207
q6120	0.000000	0.000000	0.000000	0.000000
q6121	0.000000	0.000000	0.000000	0.000000
q6122	0.000000	0.000000	0.000000	0.000000
q6123	0.000000	0.000000	0.000000	0.000000
q6124	0.000000	0.000000	0.000000	0.000000
q6125	0.000000	0.000000	0.000000	0.000000
q6126	0.000000	0.000000	0.000000	0.000000
q6127	0.000000	0.000000	0.000000	0.000000
q6128	0.315465	0.315465	0.315465	0.315465
q6129	0.386853	0.386853	0.386853	0.386853
q6130	0.000000	0.000000	0.000000	0.000000
q6131	0.000000	0.000000	0.000000	0.000000
q6132	0.630930	0.630930	0.630930	0.630930
q6133	1.000000	1.000000	1.000000	1.000000
q6134	0.000000	0.000000	0.000000	0.000000
q6135	0.000000	0.000000	0.000000	0.000000
q6136	0.000000	0.000000	0.000000	0.000000
q6137	0.000000	0.000000	0.000000	0.000000
q6138	0.000000	0.000000	0.000000	0.000000
q6139	0.000000	0.000000	0.000000	0.000000
q6140	1.000000	1.000000	1.000000	1.000000
q6141	0.000000	0.000000	0.000000	0.000000
q6142	0.000000	0.000000	0.000000	0.000000
q6143	0.000000	0.000000	0.000000	0.000000
q6144	0.000000	0.000000	0.000000	0.000000
q6145	0.000000	0.000000	0.000000	0.000000
q6146	0.000000	0.000000	0.000000	0.000000
q6147	0.000000	0.000000	0.000000	0.000000
q6148	0.000000	0.000000	0.000000	0.000000
q6149	0.000000	0.000000	0.000000	0.000000
q6150	0.000000	0.000000	0.000000	0.000000
q6151	0.500000	0.500000	0.500000	0.500000
q6152	0.000000	0.000000	0.000000	0.000000
q6153	0.000000	0.000000	0.000000	0.000000
q6154	0.000000	0.000000	0.000000	0.000000
q6155	0.000000	0.000000	0.000000	0.000000
q6156	0.000000	0.000000	0.000000	0.000000
q6157	0.000000	0.000000	0.000000	0.000000
q6158	0.000000	0.000000	0.000000	0.000000
q6159	0.000000	0.000000	0.000000	0.000000
q6160	0.000000	0.000000	0.000000	0.000000
q6161	0.500000	0.500000	0.500000	0.500000
q6162	0.000000	0.000000	0.000000	0.000000
q6163	0.630930	0.630930	0.630930	0.630930
q6164	1.000000	1.000000	1.000000	1.000000
q6165	0.000000	0.000000	0.000000	0.000000
q6166	0.000000	0.000000	0.000000	0.000000
q6167	0.000000	0.000000	0.000000	0.000000
q6168	0.000000	0.000000	0.000000	0.000000
q6169	0.000000	0.000000	0.000000	0.000000
q6170	0.000000	0.000000	0.000000	0.000000
q6171	0.000000	0.000000	0.000000	0.000000
q6172	0.000000	0.000000	0.000000	0.000000
q6173	0.000000	0.000000	0.000000	0.000000
q6174	0.000000	0.000000	0.000000	0.000000
q6175	0.000000	0.000000	0.000000	0.000000
q6176	0.000000	0.000000	0.000000	0.000000
q6177	0.000000	0.000000	0.000000	0.000000
q6178	1.000000	1.000000	1.000000	1.000000
q6179	0.500000	0.500000	0.500000	0.500000
q6180	0.000000	0.000000	0.000000	0.000000
q6181	0.000000	0.000000	0.000000	0.000000
q6182	1.000000	1.000000	1.000000	1.000000
q6183	0.000000	0.000000	0.000000	0.000000
q6184	0.000000	0.000000	0.000000	0.000000
q6185	0.000000	0.000000	0.000000	0.000000
q6186	0.000000	0.000000	0.000000	0.000000
q6187	0.000000	0.000000	0.000000	0.000000
q6188	0.000000	0.000000	0.000000	0.000000
q6189	0.000000	0.000000	0.000000	0.000000
q6190	0.000000	0.000000	0.000000	0.000000
q6191	0.000000	0.000000	0.000000	0.000000
q6192	1.000000	1.000000	1.000000	1.000000
q6193	0.000000	0.000000	0.000000	0.000000
q6194	0.000000	0.000000	0.000000	0.000000
q6195	0.000000	0.000000	0.000000	0.000000
q6196	0.000000	0.000000	0.000000	0.000000
q6197	0.000000	0.000000	0.000000	0.000000
q6198	0.000000	0.000000	0.000000	0.000000
q6199	0.000000	0.000000	0.000000	0.000000
q6200	0.000000	0.000000	0.000000	0.000000
q6201	0.000000	0.000000	0.000000	0.000000
q6202	1.000000	1.000000	1.000000	1.000000
q6203	0.000000	0.000000	0.000000	0.000000
q6204	0.000000	0.000000	0.000000	0.000000
q6205	0.000000	0.000000	0.000000	0.000000
q6206	0.386853	0.386853	0.386853	0.386853
q6207	0.000000	0.000000	0.000000	0.000000
q6208	1.000000	1.000000	1.000000	1.000000
q6209	0.000000	0.000000	0.000000	0.000000
q6210	0.000000	0.000000	0.000000	0.000000
q6211	0.000000	0.000000	0.000000	0.000000
q6212	0.000000	0.000000	0.000000	0.000000
q6213	0.386853	0.386853	0.386853	0.386853
q6214	0.000000	0.000000	0.000000	0.000000
q6215	0.000000	0.000000	0.000000	0.000000
q6216	0.000000	0.000000	0.000000	0.000000
q6217	0.000000	0.000000	0.000000	0.000000
q6218	0.000000	0.000000	0.000000	0.000000
q6219	0.000000	0.000000	0.000000	0.000000
q6220	0.000000	0.000000	0.000000	0.000000
q6221	0.000000	0.000000	0.000000	0.000000
q6222	0.000000	0.000000	0.000000	0.000000
q6223	0.000000	0.000000	0.000000	0.000000
q6224	0.000000	0.000000	0.000000	0.000000
q6225	0.000000	0.000000	0.000000	0.000000
q6226	0.000000	0.000000	0.000000	0.000000
q6227	0.000000	0.000000	0.000000	0.000000
q6228	0.000000	0.000000	0.000000	0.000000
q6229	0.000000	0.000000	0.000000	0.000000
q6230	0.000000	0.000000	0.000000	0.000000
q6231	0.000000	0.000000	0.000000	0.000000
q6232	0.000000	0.000000	0.000000	0.000000
q6233	0.000000	0.000000	0.000000	0.000000
q6234	0.430677	0.430677	0.430677	0.430677
q6235	0.000000	0.000000	0.000000	0.000000
q6236	0.000000	0.000000	0.000000	0.000000
q6237	1.000000	1.000000	1.000000	1.000000
q6238	0.000000	0.000000	0.000000	0.000000
q6239	0.000000	0.000000	0.000000	0.000000
q6240	0.000000	0.000000	0.000000	0.000000
q6241	0.000000	0.000000	0.000000	0.000000
q6242	0.000000	0.000000	0.000000	0.000000
q6243	0.000000	0.000000	0.000000	0.000000
q6244	0.000000	0.000000	0.000000	0.000000
q6245	0.000000	0.000000	0.000000	0.000000
q6246	0.000000	0.000000	0.000000	0.000000
q6247	1.000000	1.000000	1.000000	1.000000
q6248	0.000000	0.000000	0.000000	0.000000
q6249	0.000000	0.000000	0.000000	0.000000
q6250	0.000000	0.000000	0.000000	0.000000
q6251	0.000000	0.000000	0.000000	0.000000
q6252	0.000000	0.000000	0.000000	0.000000
q6253	0.000000	0.000000	0.000000	0.000000
q6254	0.000000	0.000000	0.000000	0.000000
q6255	0.386853	0.386853	0.386853	0.386853
q6256	0.000000	0.000000	0.000000	0.000000
q6257	0.000000	0.000000	0.000000	0.000000
q6258	0.000000	0.000000	0.000000	0.000000
q6259	0.000000	0.000000	0.000000	0.000000
q6260	0.000000	0.000000	0.000000	0.000000
q6261	0.000000	0.000000	0.000000	0.000000
q6262	0.000000	0.000000	0.000000	0.000000
q6263	0.000000	0.000000	0.000000	0.000000
q6264	0.000000	0.000000	0.000000	0.000000
q6265	0.000000	0.000000	0.000000	0.000000
q6266	0.000000	0.000000	0.000000	0.000000
q6267	0.000000	0.000000	0.000000	0.000000
q6268	0.000000	0.000000	0.000000	0.000000
q6269	0.356207	0.356207	0.356207	0.356207
q6270	0.000000	0.000000	0.000000	0.000000
q6271	0.000000	0.000000	0.000000	0.000000
q6272	0.000000	0.000000	0.000000	0.000000
q6273	0.000000	0.000000	0.000000	0.000000
q6274	0.000000	0.000000	0.000000	0.000000
q6275	0.000000	0.000000	0.000000	0.000000
q6276	0.000000	0.000000	0.000000	0.000000
q6277	0.630930	0.630930	0.630930	0.630930
q6278	0.000000	0.000000	0.000000	0.000000
q6279	0.000000	0.000000	0.000000	0.000000
q6280	0.000000	0.000000	0.000000	0.000000
q6281	0.000000	0.000000	0.000000	0.000000
q6282	0.000000	0.000000	0.000000	0.000000
q6283	0.000000	0.000000	0.000000	0.000000
q6284	0.000000	0.000000	0.000000	0.000000
q6285	0.000000	0.000000	0.000000	0.000000
q6286	0.000000	0.000000	0.000000	0.000000
q6287	0.000000	0.000000	0.000000	0.000000
q6288	0.000000	0.000000	0.000000	0.000000
q6289	0.000000	0.000000	0.000000	0.000000
q6290	0.000000	0.000000	0.000000	0.000000
q6291	0.000000	0.000000	0.000000	0.000000
q6292	0.000000	0.000000	0.000000	0.000000
q6293	0.000000	0.000000	0.000000	0.000000
q6294	0.000000	0.000000	0.000000	0.000000
q6295	0.000000	0.000000	0.000000	0.000000
q6296	0.000000	0.000000	0.000000	0.000000
q6297	0.000000	0.000000	0.000000	0.000000
q6298	0.000000	0.000000	0.000000	0.000000
q6299	0.000000	0.000000	0.000000	0.000000
q6300	0.000000	0.000000	0.000000	0.000000
q6301	0.000000	0.000000	0.000000	0.000000
q6302	1.000000	1.000000	1.000000	1.000000
q6303	0.000000	0.000000	0.000000	0.000000
q6304	0.000000	0.000000	0.000000	0.000000
q6305	0.000000	0.000000	0.000000	0.000000
q6306	0.000000	0.000000	0.000000	0.000000
q6307	0.000000	0.000000	0.000000	0.000000
q6308	0.000000	0.000000	0.000000	0.000000
q6309	0.000000	0.000000	0.000000	0.000000
q6310	0.000000	0.000000	0.000000	0.000000
q6311	0.000000	0.000000	0.000000	0.000000
q6312	0.000000	0.000000	0.000000	0.000000
q6313	0.000000	0.000000	0.000000	0.000000
q6314	0.000000	0.000000	0.000000	0.000000
q6315	0.000000	0.000000	0.000000	0.000000
q6316	1.000000	1.000000	1.000000	1.000000
q6317	0.000000	0.000000	0.000000	0.000000
q6318	0.000000	0.000000	0.000000	0.000000
q6319	0.000000	0.000000	0.000000	0.000000
q6320	0.000000	0.000000	0.000000	0.000000
q6321	0.000000	0.000000	0.000000	0.000000
q6322	0.000000	0.000000	0.000000	0.000000
q6323	0.000000	0.000000	0.000000	0.000000
q6324	0.000000	0.000000	0.000000	0.000000
q6325	0.000000	0.000000	0.000000	0.000000
q6326	0.000000	0.000000	0.000000	0.000000
q6327	0.000000	0.000000	0.000000	0.000000
q6328	0.000000	0.000000	0.000000	0.000000
q6329	0.000000	0.000000	0.000000	0.000000
q6330	0.000000	0.000000	0.000000	0.000000
q6331	0.000000	0.000000	0.000000	0.000000
q6332	0.000000	0.000000	0.000000	0.000000
q6333	0.000000	0.000000	0.000000	0.000000
q6334	0.000000	0.000000	0.000000	0.000000
q6335	0.000000	0.000000	0.000000	0.000000
q6336	0.000000	0.000000	0.000000	0.000000
q6337	0.000000	0.000000	0.000000	0.000000
q6338	0.000000	0.000000	0.000000	0.000000
q6339	0.000000	0.000000	0.000000	0.000000
q6340	0.000000	0.000000	0.000000	0.000000
q6341	0.000000	0.000000	0.000000	0.000000
q6342	0.000000	0.000000	0.000000	0.000000
q6343	0.000000	0.000000	0.000000	0.000000
q6344	0.000000	0.000000	0.000000	0.000000
q6345	0.000000	0.000000	0.000000	0.000000
q6346	0.000000	0.000000	0.000000	0.000000
q6347	0.000000	0.000000	0.000000	0.000000
q6348	1.000000	1.000000	1.000000	1.000000
q6349	0.000000	0.000000	0.000000	0.000000
q6350	0.000000	0.000000	0.000000	0.000000
q6351	0.000000	0.000000	0.000000	0.000000
q6352	0.000000	0.000000	0.000000	0.000000
q6353	0.000000	0.000000	0.000000	0.000000
q6354	0.000000	0.000000	0.000000	0.000000
q6355	0.000000	0.000000	0.000000	0.000000
q6356	0.000000	0.000000	0.000000	0.000000
q6357	0.000000	0.000000	0.000000	0.000000
q6358	0.000000	0.000000	0.000000	0.000000
q6359	0.000000	0.000000	0.000000	0.000000
q6360	0.000000	0.000000	0.000000	0.000000
q6361	1.000000	1.000000	1.000000	1.000000
q6362	0.000000	0.000000	0.000000	0.000000
q6363	0.000000	0.000000	0.000000	0.000000
q6364	0.000000	0.000000	0.000000	0.000000
q6365	0.000000	0.000000	0.000000	0.000000
q6366	0.000000	0.000000	0.000000	0.000000
q6367	0.000000	0.000000	0.000000	0.000000
q6368	0.000000	0.000000	0.000000	0.000000
q6369	0.000000	0.000000	0.000000	0.000000
q6370	0.000000	0.000000	0.000000	0.000000
q6371	1.000000	1.000000	1.000000	1.000000
q6372	0.000000	0.000000	0.000000	0.000000
q6373	0.000000	0.000000	0.000000	0.000000
q6374	0.000000	0.000000	0.000000	0.000000
q6375	0.000000	0.000000	0.000000	0.000000
q6376	0.000000	0.000000	0.000000	0.000000
q6377	0.000000	0.000000	0.000000	0.000000
q6378	0.000000	0.000000	0.000000	0.000000
q6379	0.000000	0.000000	0.000000	0.000000
q6380	0.000000	0.000000	0.000000	0.000000
q6381	0.000000	0.000000	0.000000	0.000000
q6382	0.000000	0.000000	0.000000	0.000000
q6383	0.000000	0.000000	0.000000	0.000000
q6384	0.000000	0.000000	0.000000	0.000000
q6385	0.000000	0.000000	0.000000	0.000000
q6386	0.000000	0.000000	0.000000	0.000000
q6387	0.000000	0.000000	0.000000	0.000000
q6388	0.000000	0.000000	0.000000	0.000000
q6389	0.000000	0.000000	0.000000	0.000000
q6390	0.000000	0.000000	0.000000	0.000000
q6391	0.000000	0.000000	0.000000	0.000000
q6392	0.000000	0.000000	0.000000	0.000000
q6393	0.000000	0.000000	0.000000	0.000000
q6394	0.000000	0.000000	0.000000	0.000000
q6395	0.000000	0.000000	0.000000	0.000000
q6396	0.000000	0.000000	0.000000	0.000000
q6397	0.000000	0.000000	0.000000	0.000000
q6398	0.000000	0.000000	0.000000	0.000000
q6399	0.000000	0.000000	0.000000	0.000000
q6400	0.000000	0.000000	0.000000	0.000000
q6401	0.000000	0.000000	0.000000	0.000000
q6402	0.000000	0.000000	0.000000	0.000000
q6403	0.000000	0.000000	0.000000	0.000000
q6404	0.000000	0.000000	0.000000	0.000000
q6405	0.000000	0.000000	0.000000	0.000000
q6406	0.000000	0.000000	0.000000	0.000000
q6407	0.000000	0.000000	0.000000	0.000000
q6408	0.000000	0.000000	0.000000	0.000000
q6409	1.000000	1.000000	1.000000	1.000000
q6410	0.000000	0.000000	0.000000	0.000000
q6411	0.000000	0.000000	0.000000	0.000000
q6412	0.000000	0.000000	0.000000	0.000000
q6413	0.000000	0.000000	0.000000	0.000000
q6414	0.000000	0.000000	0.000000	0.000000
q6415	0.356207	0.356207	0.356207	0.356207
q6416	0.000000	0.000000	0.000000	0.000000
q6417	0.000000	0.000000	0.000000	0.000000
q6418	1.000000	1.000000	1.000000	1.000000
q6419	0.000000	0.000000	0.000000	0.000000
q6420	0.000000	0.000000	0.000000	0.000000
q6421	0.000000	0.000000	0.000000	0.000000
q6422	0.000000	0.000000	0.000000	0.000000
q6423	0.000000	0.000000	0.000000	0.000000
q6424	0.000000	0.000000	0.000000	0.000000
q6425	0.333333	0.333333	0.333333	0.333333
q6426	0.000000	0.000000	0.000000	0.000000
q6427	0.000000	0.000000	0.000000	0.000000
q6428	0.000000	0.000000	0.000000	0.000000
q6429	0.000000	0.000000	0.000000	0.000000
q6430	0.000000	0.000000	0.000000	0.000000
q6431	0.000000	0.000000	0.000000	0.000000
q6432	0.000000	0.000000	0.000000	0.000000
q6433	0.000000	0.000000	0.000000	0.000000
q6434	0.000000	0.000000	0.000000	0.000000
q6435	0.000000	0.000000	0.000000	0.000000
q6436	0.000000	0.000000	0.000000	0.000000
q6437	0.000000	0.000000	0.000000	0.000000
q6438	0.000000	0.000000	0.000000	0.000000
q6439	0.000000	0.000000	0.000000	0.000000
q6440	0.000000	0.000000	0.000000	0.000000
q6441	0.000000	0.000000	0.000000	0.000000
q6442	0.000000	0.000000	0.000000	0.000000
q6443	1.000000	1.000000	1.000000	1.000000
q6444	0.500000	0.500000	0.500000	0.500000
q6445	0.000000	0.000000	0.000000	0.000000
q6446	0.000000	0.000000	0.000000	0.000000
q6447	0.000000	0.000000	0.000000	0.000000
q6448	0.000000	0.000000	0.000000	0.000000
q6449	0.000000	0.000000	0.000000	0.000000
q6450	0.000000	0.000000	0.000000	0.000000
q6451	0.000000	0.000000	0.000000	0.000000
q6452	0.000000	0.000000	0.000000	0.000000
q6453	0.000000	0.000000	0.000000	0.000000
q6454	0.000000	0.000000	0.000000	0.000000
q6455	0.000000	0.000000	0.000000	0.000000
q6456	0.000000	0.000000	0.000000	0.000000
q6457	0.000000	0.000000	0.000000	0.000000
q6458	0.000000	0.000000	0.000000	0.000000
q6459	0.000000	0.000000	0.000000	0.000000
q6460	1.000000	1.000000	1.000000	1.000000
q6461	0.000000	0.000000	0.000000	0.000000
q6462	0.000000	0.000000	0.000000	0.000000
q6463	0.000000	0.000000	0.000000	0.000000
q6464	0.000000	0.000000	0.000000	0.000000
q6465	0.000000	0.000000	0.000000	0.000000
q6466	0.000000	0.000000	0.000000	0.000000
q6467	0.000000	0.000000	0.000000	0.000000
q6468	0.000000	0.000000	0.000000	0.000000
q6469	0.386853	0.386853	0.386853	0.386853
q6470	0.000000	0.000000	0.000000	0.000000
q6471	0.000000	0.000000	0.000000	0.000000
q6472	0.000000	0.000000	0.000000	0.000000
q6473	0.000000	0.000000	0.000000	0.000000
q6474	0.000000	0.000000	0.000000	0.000000
q6475	0.000000	0.000000	0.000000	0.000000
q6476	0.289065	0.289065	0.289065	0.289065
q6477	0.000000	0.000000	0.000000	0.000000
q6478	0.000000	0.000000	0.000000	0.000000
q6479	0.000000	0.000000	0.000000	0.000000
q6480	0.000000	0.000000	0.000000	0.000000
q6481	0.000000	0.000000	0.000000	0.000000
q6482	0.000000	0.000000	0.000000	0.000000
q6483	1.000000	1.000000	1.000000	1.000000
q6484	0.000000	0.000000	0.000000	0.000000
q6485	0.000000	0.000000	0.000000	0.000000
q6486	0.000000	0.000000	0.000000	0.000000
q6487	0.000000	0.000000	0.000000	0.000000
q6488	0.000000	0.000000	0.000000	0.000000
q6489	0.000000	0.000000	0.000000	0.000000
q6490	1.000000	1.000000	1.000000	1.000000
q6491	0.000000	0.000000	0.000000	0.000000
q6492	0.630930	0.630930	0.630930	0.630930
q6493	0.000000	0.000000	0.000000	0.000000
q6494	0.000000	0.000000	0.000000	0.000000
q6495	0.000000	0.000000	0.000000	0.000000
q6496	0.000000	0.000000	0.000000	0.000000
q6497	1.000000	1.000000	1.000000	1.000000
q6498	0.000000	0.000000	0.000000	0.000000
q6499	1.000000	1.000000	1.000000	1.000000
q6500	1.000000	1.000000	1.000000	1.000000
q6501	0.000000	0.000000	0.000000	0.000000
q6502	0.000000	0.000000	0.000000	0.000000
q6503	0.000000	0.000000	0.000000	0.000000
q6504	0.000000	0.000000	0.000000	0.000000
q6505	0.000000	0.000000	0.000000	0.000000
q6506	0.630930	0.630930	0.630930	0.630930
q6507	0.000000	0.000000	0.000000	0.000000
q6508	0.500000	0.500000	0.500000	0.500000
q6509	0.000000	0.000000	0.000000	0.000000
q6510	0.000000	0.000000	0.000000	0.000000
q6511	0.000000	0.000000	0.000000	0.000000
q6512	0.000000	0.000000	0.000000	0.000000
q6513	0.000000	0.000000	0.000000	0.000000
q6514	0.000000	0.000000	0.000000	0.000000
q6515	0.000000	0.000000	0.000000	0.000000
q6516	0.000000	0.000000	0.000000	0.000000
q6517	0.000000	0.000000	0.000000	0.000000
q6518	0.000000	0.000000	0.000000	0.000000
q6519	0.000000	0.000000	0.000000	0.000000
q6520	0.000000	0.000000	0.000000	0.000000
q6521	0.356207	0.356207	0.356207	0.356207
q6522	0.000000	0.000000	0.000000	0.000000
q6523	0.000000	0.000000	0.000000	0.000000
q6524	1.000000	1.000000	1.000000	1.000000
q6525	0.000000	0.000000	0.000000	0.000000
q6526	0.630930	0.630930	0.630930	0.630930
q6527	0.000000	0.000000	0.000000	0.000000
q6528	0.000000	0.000000	0.000000	0.000000
q6529	0.000000	0.000000	0.000000	0.000000
q6530	1.000000	1.000000	1.000000	1.000000
q6531	0.000000	0.000000	0.000000	0.000000
q6532	0.000000	0.000000	0.000000	0.000000
q6533	0.000000	0.000000	0.000000	0.000000
q6534	0.000000	0.000000	0.000000	0.000000
q6535	0.000000	0.000000	0.000000	0.000000
q6536	0.000000	0.000000	0.000000	0.000000
q6537	0.000000	0.000000	0.000000	0.000000
q6538	0.000000	0.000000	0.000000	0.000000
q6539	0.000000	0.000000	0.000000	0.000000
q6540	0.000000	0.000000	0.000000	0.000000
q6541	1.000000	1.000000	1.000000	1.000000
q6542	1.000000	1.000000	1.000000	1.000000
q6543	0.000000	0.000000	0.000000	0.000000
q6544	0.000000	0.000000	0.000000	0.000000
q6545	0.000000	0.000000	0.000000	0.000000
q6546	0.000000	0.000000	0.000000	0.000000
q6547	0.000000	0.000000	0.000000	0.000000
q6548	1.000000	1.000000	1.000000	1.000000
q6549	0.000000	0.000000	0.000000	0.000000
q6550	0.000000	0.000000	0.000000	0.000000
q6551	0.000000	0.000000	0.000000	0.000000
q6552	0.000000	0.000000	0.000000	0.000000
q6553	0.000000	0.000000	0.000000	0.000000
q6554	0.000000	0.000000	0.000000	0.000000
q6555	1.000000	1.000000	1.000000	1.000000
q6556	0.000000	0.000000	0.000000	0.000000
q6557	0.000000	0.000000	0.000000	0.000000
q6558	0.000000	0.000000	0.000000	0.000000
q6559	0.000000	0.000000	0.000000	0.000000
q6560	0.000000	0.000000	0.000000	0.000000
q6561	0.000000	0.000000	0.000000	0.000000
q6562	0.000000	0.000000	0.000000	0.000000
q6563	0.000000	0.000000	0.000000	0.000000
q6564	0.000000	0.000000	0.000000	0.000000
q6565	0.000000	0.000000	0.000000	0.000000
q6566	0.000000	0.000000	0.000000	0.000000
q6567	0.000000	0.000000	0.000000	0.000000
q6568	0.000000	0.000000	0.000000	0.000000
q6569	0.000000	0.000000	0.000000	0.000000
q6570	0.000000	0.000000	0.000000	0.000000
q6571	0.000000	0.000000	0.000000	0.000000
q6572	0.000000	0.000000	0.000000	0.000000
q6573	0.000000	0.000000	0.000000	0.000000
q6574	0.500000	0.500000	0.500000	0.500000
q6575	1.000000	1.000000	1.000000	1.000000
q6576	1.000000	1.000000	1.000000	1.000000
q6577	0.000000	0.000000	0.000000	0.000000
q6578	1.000000	1.000000	1.000000	1.000000
q6579	0.000000	0.000000	0.000000	0.000000
q6580	0.000000	0.000000	0.000000	0.000000
q6581	0.000000	0.000000	0.000000	0.000000
q6582	0.000000	0.000000	0.000000	0.000000
q6583	0.000000	0.000000	0.000000	0.000000
q6584	0.000000	0.000000	0.000000	0.000000
q6585	0.000000	0.000000	0.000000	0.000000
q6586	0.000000	0.000000	0.000000	0.000000
q6587	0.000000	0.000000	0.000000	0.000000
q6588	0.000000	0.000000	0.000000	0.000000
q6589	0.000000	0.000000	0.000000	0.000000
q6590	0.000000	0.000000	0.000000	0.000000
q6591	0.000000	0.000000	0.000000	0.000000
q6592	0.000000	0.000000	0.000000	0.000000
q6593	1.000000	1.000000	1.000000	1.000000
q6594	0.000000	0.000000	0.000000	0.000000
q6595	1.000000	1.000000	1.000000	1.000000
q6596	1.000000	1.000000	1.000000	1.000000
q6597	0.000000	0.000000	0.000000	0.000000
q6598	0.000000	0.000000	0.000000	0.000000
q6599	0.000000	0.000000	0.000000	0.000000
q6600	0.000000	0.000000	0.000000	0.000000
q6601	0.000000	0.000000	0.000000	0.000000
q6602	0.000000	0.000000	0.000000	0.000000
q6603	0.000000	0.000000	0.000000	0.000000
q6604	0.000000	0.000000	0.000000	0.000000
q6605	0.000000	0.000000	0.000000	0.000000
q6606	0.630930	0.630930	0.630930	0.630930
q6607	0.000000	0.000000	0.000000	0.000000
q6608	0.000000	0.000000	0.000000	0.000000
q6609	0.000000	0.000000	0.000000	0.000000
q6610	0.000000	0.000000	0.000000	0.000000
q6611	0.000000	0.000000	0.000000	0.000000
q6612	0.000000	0.000000	0.000000	0.000000
q6613	0.000000	0.000000	0.000000	0.000000
q6614	0.000000	0.000000	0.000000	0.000000
q6615	0.000000	0.000000	0.000000	0.000000
q6616	0.000000	0.000000	0.000000	0.000000
q6617	0.000000	0.000000	0.000000	0.000000
q6618	0.000000	0.000000	0.000000	0.000000
q6619	1.000000	1.000000	1.000000	1.000000
q6620	1.000000	1.000000	1.000000	1.000000
q6621	0.000000	0.000000	0.000000	0.000000
q6622	0.356207	0.356207	0.356207	0.356207
q6623	0.000000	0.000000	0.000000	0.000000
q6624	0.000000	0.000000	0.000000	0.000000
q6625	0.000000	0.000000	0.000000	0.000000
q6626	0.000000	0.000000	0.000000	0.000000
q6627	0.000000	0.000000	0.000000	0.000000
q6628	0.000000	0.000000	0.000000	0.000000
q6629	0.000000	0.000000	0.000000	0.000000
q6630	0.000000	0.000000	0.000000	0.000000
q6631	0.630930	0.630930	0.630930	0.630930
q6632	1.000000	1.000000	1.000000	1.000000
q6633	0.000000	0.000000	0.000000	0.000000
q6634	0.000000	0.000000	0.000000	0.000000
q6635	0.000000	0.000000	0.000000	0.000000
q6636	0.000000	0.000000	0.000000	0.000000
q6637	0.000000	0.000000	0.000000	0.000000
q6638	0.430677	0.430677	0.430677	0.430677
q6639	0.000000	0.000000	0.000000	0.000000
q6640	0.000000	0.000000	0.000000	0.000000
q6641	0.000000	0.000000	0.000000	0.000000
q6642	1.000000	1.000000	1.000000	1.000000
q6643	0.000000	0.000000	0.000000	0.000000
q6644	0.000000	0.000000	0.000000	0.000000
q6645	0.000000	0.000000	0.000000	0.000000
q6646	0.000000	0.000000	0.000000	0.000000
q6647	0.000000	0.000000	0.000000	0.000000
q6648	0.000000	0.000000	0.000000	0.000000
q6649	0.000000	0.000000	0.000000	0.000000
q6650	0.630930	0.630930	0.630930	0.630930
q6651	0.000000	0.000000	0.000000	0.000000
q6652	0.000000	0.000000	0.000000	0.000000
q6653	1.000000	1.000000	1.000000	1.000000
q6654	1.000000	1.000000	1.000000	1.000000
q6655	0.000000	0.000000	0.000000	0.000000
q6656	0.000000	0.000000	0.000000	0.000000
q6657	0.000000	0.000000	0.000000	0.000000
q6658	0.000000	0.000000	0.000000	0.000000
q6659	0.000000	0.000000	0.000000	0.000000
q6660	0.000000	0.000000	0.000000	0.000000
q6661	0.000000	0.000000	0.000000	0.000000
q6662	0.000000	0.000000	0.000000	0.000000
q6663	0.000000	0.000000	0.000000	0.000000
q6664	0.000000	0.000000	0.000000	0.000000
q6665	1.000000	1.000000	1.000000	1.000000
q6666	0.000000	0.000000	0.000000	0.000000
q6667	0.000000	0.000000	0.000000	0.000000
q6668	0.386853	0.386853	0.386853	0.386853
q6669	0.000000	0.000000	0.000000	0.000000
q6670	1.000000	1.000000	1.000000	1.000000
q6671	0.000000	0.000000	0.000000	0.000000
q6672	0.000000	0.000000	0.000000	0.000000
q6673	0.000000	0.000000	0.000000	0.000000
q6674	0.000000	0.000000	0.000000	0.000000
q6675	0.000000	0.000000	0.000000	0.000000
q6676	0.430677	0.430677	0.430677	0.430677
q6677	0.000000	0.000000	0.000000	0.000000
q6678	0.000000	0.000000	0.000000	0.000000
q6679	0.000000	0.000000	0.000000	0.000000
q6680	0.000000	0.000000	0.000000	0.000000
q6681	0.301030	0.301030	0.301030	0.301030
q6682	0.000000	0.000000	0.000000	0.000000
q6683	0.000000	0.000000	0.000000	0.000000
q6684	0.000000	0.000000	0.000000	0.000000
q6685	0.000000	0.000000	0.000000	0.000000
q6686	0.000000	0.000000	0.000000	0.000000
q6687	0.386853	0.386853	0.386853	0.386853
q6688	0.000000	0.000000	0.000000	0.000000
q6689	0.000000	0.000000	0.000000	0.000000
q6690	0.000000	0.000000	0.000000	0.000000
q6691	0.000000	0.000000	0.000000	0.000000
q6692	0.000000	0.000000	0.000000	0.000000
q6693	0.000000	0.000000	0.000000	0.000000
q6694	0.000000	0.000000	0.000000	0.000000
q6695	0.630930	0.630930	0.630930	0.630930
q6696	0.000000	0.000000	0.000000	0.000000
q6697	0.000000	0.000000	0.000000	0.000000
q6698	1.000000	1.000000	1.000000	1.000000
q6699	0.000000	0.000000	0.000000	0.000000
q6700	0.000000	0.000000	0.000000	0.000000
q6701	0.000000	0.000000	0.000000	0.000000
q6702	0.000000	0.000000	0.000000	0.000000
q6703	0.000000	0.000000	0.000000	0.000000
q6704	0.000000	0.000000	0.000000	0.000000
q6705	0.000000	0.000000	0.000000	0.000000
q6706	0.000000	0.000000	0.000000	0.000000
q6707	0.000000	0.000000	0.000000	0.000000
q6708	0.000000	0.000000	0.000000	0.000000
q6709	0.000000	0.000000	0.000000	0.000000
q6710	0.356207	0.356207	0.356207	0.356207
q6711	0.000000	0.000000	0.000000	0.000000
q6712	0.000000	0.000000	0.000000	0.000000
q6713	0.000000	0.000000	0.000000	0.000000
q6714	0.000000	0.000000	0.000000	0.000000
q6715	0.000000	0.000000	0.000000	0.000000
q6716	0.000000	0.000000	0.000000	0.000000
q6717	0.000000	0.000000	0.000000	0.000000
q6718	0.000000	0.000000	0.000000	0.000000
q6719	0.000000	0.000000	0.000000	0.000000
q6720	0.630930	0.630930	0.630930	0.630930
q6721	0.000000	0.000000	0.000000	0.000000
q6722	0.000000	0.000000	0.000000	0.000000
q6723	0.000000	0.000000	0.000000	0.000000
q6724	0.000000	0.000000	0.000000	0.000000
q6725	0.000000	0.000000	0.000000	0.000000
q6726	0.000000	0.000000	0.000000	0.000000
q6727	0.000000	0.000000	0.000000	0.000000
q6728	0.000000	0.000000	0.000000	0.000000
q6729	0.000000	0.000000	0.000000	0.000000
q6730	0.000000	0.000000	0.000000	0.000000
q6731	0.000000	0.000000	0.000000	0.000000
q6732	0.000000	0.000000	0.000000	0.000000
q6733	0.000000	0.000000	0.000000	0.000000
q6734	0.500000	0.500000	0.500000	0.500000
q6735	0.000000	0.000000	0.000000	0.000000
q6736	0.000000	0.000000	0.000000	0.000000
q6737	0.000000	0.000000	0.000000	0.000000
q6738	0.000000	0.000000	0.000000	0.000000
q6739	0.000000	0.000000	0.000000	0.000000
q6740	0.000000	0.000000	0.000000	0.000000
q6741	0.000000	0.000000	0.000000	0.000000
q6742	0.000000	0.000000	0.000000	0.000000
q6743	0.000000	0.000000	0.000000	0.000000
q6744	0.000000	0.000000	0.000000	0.000000
q6745	0.000000	0.000000	0.000000	0.000000
q6746	0.000000	0.000000	0.000000	0.000000
q6747	0.000000	0.000000	0.000000	0.000000
q6748	0.000000	0.000000	0.000000	0.000000
q6749	0.000000	0.000000	0.000000	0.000000
q6750	0.630930	0.630930	0.630930	0.630930
q6751	0.000000	0.000000	0.000000	0.000000
q6752	0.000000	0.000000	0.000000	0.000000
q6753	0.000000	0.000000	0.000000	0.000000
q6754	0.000000	0.000000	0.000000	0.000000
q6755	0.000000	0.000000	0.000000	0.000000
q6756	0.000000	0.000000	0.000000	0.000000
q6757	0.356207	0.356207	0.356207	0.356207
q6758	0.000000	0.000000	0.000000	0.000000
q6759	0.000000	0.000000	0.000000	0.000000
q6760	0.000000	0.000000	0.000000	0.000000
q6761	0.000000	0.000000	0.000000	0.000000
q6762	0.000000	0.000000	0.000000	0.000000
q6763	0.000000	0.000000	0.000000	0.000000
q6764	0.000000	0.000000	0.000000	0.000000
q6765	0.000000	0.000000	0.000000	0.000000
q6766	0.000000	0.000000	0.000000	0.000000
q6767	0.000000	0.000000	0.000000	0.000000
q6768	0.000000	0.000000	0.000000	0.000000
q6769	0.000000	0.000000	0.000000	0.000000
q6770	0.000000	0.000000	0.000000	0.000000
q6771	0.000000	0.000000	0.000000	0.000000
q6772	0.000000	0.000000	0.000000	0.000000
q6773	0.000000	0.000000	0.000000	0.000000
q6774	0.000000	0.000000	0.000000	0.000000
q6775	0.000000	0.000000	0.000000	0.000000
q6776	0.000000	0.000000	0.000000	0.000000
q6777	0.000000	0.000000	0.000000	0.000000
q6778	0.000000	0.000000	0.000000	0.000000
q6779	0.000000	0.000000	0.000000	0.000000
q6780	0.000000	0.000000	0.000000	0.000000
q6781	0.000000	0.000000	0.000000	0.000000
q6782	0.000000	0.000000	0.000000	0.000000
q6783	0.000000	0.000000	0.000000	0.000000
q6784	0.000000	0.000000	0.000000	0.000000
q6785	0.000000	0.000000	0.000000	0.000000
q6786	0.000000	0.000000	0.000000	0.000000
q6787	0.000000	0.000000	0.000000	0.000000
q6788	0.000000	0.000000	0.000000	0.000000
q6789	0.000000	0.000000	0.000000	0.000000
q6790	0.000000	0.000000	0.000000	0.000000
q6791	0.000000	0.000000	0.000000	0.000000
q6792	0.000000	0.000000	0.000000	0.000000
q6793	1.000000	1.000000	1.000000	1.000000
q6794	0.000000	0.000000	0.000000	0.000000
q6795	0.000000	0.000000	0.000000	0.000000
q6796	0.000000	0.000000	0.000000	0.000000
q6797	0.000000	0.000000	0.000000	0.000000
q6798	0.000000	0.000000	0.000000	0.000000
q6799	0.000000	0.000000	0.000000	0.000000
q6800	0.000000	0.000000	0.000000	0.000000
q6801	0.000000	0.000000	0.000000	0.000000
q6802	0.000000	0.000000	0.000000	0.000000
q6803	0.000000	0.000000	0.000000	0.000000
q6804	0.000000	0.000000	0.000000	0.000000
q6805	0.500000	0.500000	0.500000	0.500000
q6806	0.000000	0.000000	0.000000	0.000000
q6807	0.000000	0.000000	0.000000	0.000000
q6808	0.000000	0.000000	0.000000	0.000000
q6809	0.000000	0.000000	0.000000	0.000000
q6810	0.000000	0.000000	0.000000	0.000000
q6811	0.000000	0.000000	0.000000	0.000000
q6812	0.000000	0.000000	0.000000	0.000000
q6813	0.000000	0.000000	0.000000	0.000000
q6814	1.000000	1.000000	1.000000	1.000000
q6815	1.000000	1.000000	1.000000	1.000000
q6816	0.000000	0.000000	0.000000	0.000000
q6817	0.000000	0.000000	0.000000	0.000000
q6818	0.000000	0.000000	0.000000	0.000000
q6819	0.000000	0.000000	0.000000	0.000000
q6820	0.000000	0.000000	0.000000	0.000000
q6821	0.000000	0.000000	0.000000	0.000000
q6822	0.000000	0.000000	0.000000	0.000000
q6823	0.000000	0.000000	0.000000	0.000000
q6824	0.000000	0.000000	0.000000	0.000000
q6825	0.000000	0.000000	0.000000	0.000000
q6826	0.000000	0.000000	0.000000	0.000000
q6827	0.000000	0.000000	0.000000	0.000000
q6828	0.000000	0.000000	0.000000	0.000000
q6829	0.000000	0.000000	0.000000	0.000000
q6830	0.630930	0.630930	0.630930	0.630930
q6831	0.000000	0.000000	0.000000	0.000000
q6832	0.000000	0.000000	0.000000	0.000000
q6833	0.000000	0.000000	0.000000	0.000000
q6834	0.000000	0.000000	0.000000	0.000000
q6835	0.000000	0.000000	0.000000	0.000000
q6836	0.000000	0.000000	0.000000	0.000000
q6837	0.000000	0.000000	0.000000	0.000000
q6838	0.000000	0.000000	0.000000	0.000000
q6839	0.000000	0.000000	0.000000	0.000000
q6840	0.000000	0.000000	0.000000	0.000000
q6841	0.000000	0.000000	0.000000	0.000000
q6842	0.000000	0.000000	0.000000	0.000000
q6843	0.000000	0.000000	0.000000	0.000000
q6844	0.000000	0.000000	0.000000	0.000000
q6845	0.000000	0.000000	0.000000	0.000000
q6846	0.000000	0.000000	0.000000	0.000000
q6847	0.000000	0.000000	0.000000	0.000000
q6848	0.000000	0.000000	0.000000	0.000000
q6849	0.000000	0.000000	0.000000	0.000000
q6850	0.315465	0.315465	0.315465	0.315465
q6851	0.000000	0.000000	0.000000	0.000000
q6852	0.000000	0.000000	0.000000	0.000000
q6853	0.000000	0.000000	0.000000	0.000000
q6854	0.000000	0.000000	0.000000	0.000000
q6855	0.000000	0.000000	0.000000	0.000000
q6856	0.000000	0.000000	0.000000	0.000000
q6857	0.000000	0.000000	0.000000	0.000000
q6858	0.000000	0.000000	0.000000	0.000000
q6859	0.000000	0.000000	0.000000	0.000000
q6860	0.000000	0.000000	0.000000	0.000000
q6861	0.000000	0.000000	0.000000	0.000000
q6862	0.630930	0.630930	0.630930	0.630930
q6863	0.000000	0.000000	0.000000	0.000000
q6864	0.000000	0.000000	0.000000	0.000000
q6865	0.000000	0.000000	0.000000	0.000000
q6866	0.500000	0.500000	0.500000	0.500000
q6867	0.000000	0.000000	0.000000	0.000000
q6868	0.000000	0.000000	0.000000	0.000000
q6869	0.000000	0.000000	0.000000	0.000000
q6870	0.000000	0.000000	0.000000	0.000000
q6871	0.000000	0.000000	0.000000	0.000000
q6872	0.000000	0.000000	0.000000	0.000000
q6873	0.000000	0.000000	0.000000	0.000000
q6874	0.000000	0.000000	0.000000	0.000000
q6875	0.000000	0.000000	0.000000	0.000000
q6876	0.430677	0.430677	0.430677	0.430677
q6877	0.000000	0.000000	0.000000	0.000000
q6878	0.000000	0.000000	0.000000	0.000000
q6879	0.000000	0.000000	0.000000	0.000000
q6880	0.000000	0.000000	0.000000	0.000000
q6881	0.000000	0.000000	0.000000	0.000000
q6882	0.000000	0.000000	0.000000	0.000000
q6883	0.630930	0.630930	0.630930	0.630930
q6884	0.000000	0.000000	0.000000	0.000000
q6885	0.630930	0.630930	0.630930	0.630930
q6886	0.000000	0.000000	0.000000	0.000000
q6887	0.000000	0.000000	0.000000	0.000000
q6888	0.000000	0.000000	0.000000	0.000000
q6889	0.333333	0.333333	0.333333	0.333333
q6890	0.386853	0.386853	0.386853	0.386853
q6891	0.000000	0.000000	0.000000	0.000000
q6892	0.000000	0.000000	0.000000	0.000000
q6893	0.000000	0.000000	0.000000	0.000000
q6894	0.000000	0.000000	0.000000	0.000000
q6895	0.000000	0.000000	0.000000	0.000000
q6896	0.289065	0.289065	0.289065	0.289065
q6897	0.000000	0.000000	0.000000	0.000000
q6898	0.000000	0.000000	0.000000	0.000000
q6899	1.000000	1.000000	1.000000	1.000000
q6900	0.000000	0.000000	0.000000	0.000000
q6901	0.000000	0.000000	0.000000	0.000000
q6902	0.000000	0.000000	0.000000	0.000000
q6903	0.430677	0.430677	0.430677	0.430677
q6904	0.000000	0.000000	0.000000	0.000000
q6905	0.500000	0.500000	0.500000	0.500000
q6906	0.000000	0.000000	0.000000	0.000000
q6907	0.000000	0.000000	0.000000	0.000000
q6908	0.000000	0.000000	0.000000	0.000000
q6909	0.000000	0.000000	0.000000	0.000000
q6910	0.000000	0.000000	0.000000	0.000000
q6911	0.000000	0.000000	0.000000	0.000000
q6912	0.000000	0.000000	0.000000	0.000000
q6913	0.000000	0.000000	0.000000	0.000000
q6914	0.000000	0.000000	0.000000	0.000000
q6915	0.000000	0.000000	0.000000	0.000000
q6916	0.000000	0.000000	0.000000	0.000000
q6917	0.000000	0.000000	0.000000	0.000000
q6918	0.000000	0.000000	0.000000	0.000000
q6919	0.000000	0.000000	0.000000	0.000000
q6920	0.000000	0.000000	0.000000	0.000000
q6921	0.000000	0.000000	0.000000	0.000000
q6922	0.000000	0.000000	0.000000	0.000000
q6923	0.000000	0.000000	0.000000	0.000000
q6924	0.000000	0.000000	0.000000	0.000000
q6925	0.000000	0.000000	0.000000	0.000000
q6926	0.000000	0.000000	0.000000	0.000000
q6927	0.000000	0.000000	0.000000	0.000000
q6928	0.000000	0.000000	0.000000	0.000000
q6929	0.000000	0.000000	0.000000	0.000000
q6930	0.000000	0.000000	0.000000	0.000000
q6931	0.000000	0.000000	0.000000	0.000000
q6932	0.000000	0.000000	0.000000	0.000000
q6933	1.000000	1.000000	1.000000	1.000000
q6934	0.000000	0.000000	0.000000	0.000000
q6935	0.000000	0.000000	0.000000	0.000000
q6936	0.000000	0.000000	0.000000	0.000000
q6937	0.000000	0.000000	0.000000	0.000000
q6938	0.000000	0.000000	0.000000	0.000000
q6939	0.000000	0.000000	0.000000	0.000000
q6940	0.000000	0.000000	0.000000	0.000000
q6941	0.000000	0.000000	0.000000	0.000000
q6942	0.000000	0.000000	0.000000	0.000000
q6943	0.000000	0.000000	0.000000	0.000000
q6944	1.000000	1.000000	1.000000	1.000000
q6945	0.289065	0.289065	0.289065	0.289065
q6946	0.000000	0.000000	0.000000	0.000000
q6947	0.000000	0.000000	0.000000	0.000000
q6948	0.000000	0.000000	0.000000	0.000000
q6949	0.000000	0.000000	0.000000	0.000000
q6950	0.000000	0.000000	0.000000	0.000000
q6951	0.000000	0.000000	0.000000	0.000000
q6952	0.000000	0.000000	0.000000	0.000000
q6953	0.000000	0.000000	0.000000	0.000000
q6954	0.000000	0.000000	0.000000	0.000000
q6955	0.000000	0.000000	0.000000	0.000000
q6956	0.000000	0.000000	0.000000	0.000000
q6957	0.000000	0.000000	0.000000	0.000000
q6958	0.000000	0.000000	0.000000	0.000000
q6959	0.000000	0.000000	0.000000	0.000000
q6960	1.000000	1.000000	1.000000	1.000000
q6961	0.000000	0.000000	0.000000	0.000000
q6962	0.000000	0.000000	0.000000	0.000000
q6963	0.000000	0.000000	0.000000	0.000000
q6964	0.000000	0.000000	0.000000	0.000000
q6965	0.000000	0.000000	0.000000	0.000000
q6966	0.000000	0.000000	0.000000	0.000000
q6967	0.000000	0.000000	0.000000	0.000000
q6968	0.630930	0.630930	0.630930	0.630930
q6969	0.000000	0.000000	0.000000	0.000000
q6970	0.000000	0.000000	0.000000	0.000000
q6971	0.000000	0.000000	0.000000	0.000000
q6972	0.000000	0.000000	0.000000	0.000000
q6973	0.000000	0.000000	0.000000	0.000000
q6974	0.000000	0.000000	0.000000	0.000000
q6975	0.000000	0.000000	0.000000	0.000000
q6976	0.000000	0.000000	0.000000	0.000000
q6977	0.000000	0.000000	0.000000	0.000000
q6978	1.000000	1.000000	1.000000	1.000000
q6979	0.000000	0.000000	0.000000	0.000000
q6980	0.000000	0.000000	0.000000	0.000000
q6981	0.000000	0.000000	0.000000	0.000000
q6982	0.000000	0.000000	0.000000	0.000000
q6983	0.000000	0.000000	0.000000	0.000000
q6984	0.000000	0.000000	0.000000	0.000000
q6985	0.000000	0.000000	0.000000	0.000000
q6986	0.000000	0.000000	0.000000	0.000000
q6987	0.000000	0.000000	0.000000	0.000000
q6988	0.000000	0.000000	0.000000	0.000000
q6989	0.000000	0.000000	0.000000	0.000000
q6990	0.000000	0.000000	0.000000	0.000000
q6991	1.000000	1.000000	1.000000	1.000000
q6992	0.000000	0.000000	0.000000	0.000000
q6993	0.000000	0.000000	0.000000	0.000000
q6994	0.500000	0.500000	0.500000	0.500000
q6995	0.000000	0.000000	0.000000	0.000000
q6996	0.000000	0.000000	0.000000	0.000000
q6997	0.000000	0.000000	0.000000	0.000000
q6998	0.000000	0.000000	0.000000	0.000000
q6999	0.000000	0.000000	0.000000	0.000000
q7000	0.000000	0.000000	0.000000	0.000000
q7001	0.000000	0.000000	0.000000	0.000000
q7002	0.000000	0.000000	0.000000	0.000000
q7003	0.000000	0.000000	0.000000	0.000000
q7004	0.000000	0.000000	0.000000	0.000000
q7005	0.000000	0.000000	0.000000	0.000000
q7006	0.000000	0.000000	0.000000	0.000000
q7007	0.000000	0.000000	0.000000	0.000000
q7008	0.000000	0.000000	0.000000	0.000000
q7009	0.000000	0.000000	0.000000	0.000000
q7010	0.000000	0.000000	0.000000	0.000000
q7011	0.000000	0.000000	0.000000	0.000000
q7012	0.000000	0.000000	0.000000	0.000000
q7013	0.000000	0.000000	0.000000	0.000000
q7014	0.000000	0.000000	0.000000	0.000000
q7015	0.000000	0.000000	0.000000	0.000000
q7016	0.000000	0.000000	0.000000	0.000000
q7017	1.000000	1.000000	1.000000	1.000000
q7018	0.000000	0.000000	0.000000	0.000000
q7019	0.000000	0.000000	0.000000	0.000000
q7020	0.000000	0.000000	0.000000	0.000000
q7021	0.000000	0.000000	0.000000	0.000000
q7022	0.000000	0.000000	0.000000	0.000000
q7023	0.000000	0.000000	0.000000	0.000000
q7024	0.000000	0.000000	0.000000	0.000000
q7025	0.000000	0.000000	0.000000	0.000000
q7026	0.000000	0.000000	0.000000	0.000000
q7027	0.000000	0.000000	0.000000	0.000000
q7028	0.000000	0.000000	0.000000	0.000000
q7029	0.000000	0.000000	0.000000	0.000000
q7030	0.000000	0.000000	0.000000	0.000000
q7031	0.000000	0.000000	0.000000	0.000000
q7032	0.000000	0.000000	0.000000	0.000000
q7033	0.000000	0.000000	0.000000	0.000000
q7034	0.000000	0.000000	0.000000	0.000000
q7035	0.000000	0.000000	0.000000	0.000000
q7036	0.000000	0.000000	0.000000	0.000000
q7037	0.000000	0.000000	0.000000	0.000000
q7038	0.000000	0.000000	0.000000	0.000000
q7039	0.000000	0.000000	0.000000	0.000000
q7040	0.000000	0.000000	0.000000	0.000000
q7041	0.000000	0.000000	0.000000	0.000000
q7042	0.000000	0.000000	0.000000	0.000000
q7043	1.000000	1.000000	1.000000	1.000000
q7044	0.000000	0.000000	0.000000	0.000000
q7045	0.000000	0.000000	0.000000	0.000000
q7046	0.500000	0.500000	0.500000	0.500000
q7047	0.000000	0.000000	0.000000	0.000000
q7048	0.000000	0.000000	0.000000	0.000000
q7049	0.000000	0.000000	0.000000	0.000000
q7050	0.000000	0.000000	0.000000	0.000000
q7051	0.430677	0.430677	0.430677	0.430677
q7052	0.000000	0.000000	0.000000	0.000000
q7053	0.000000	0.000000	0.000000	0.000000
q7054	0.430677	0.430677	0.430677	0.430677
q7055	0.000000	0.000000	0.000000	0.000000
q7056	1.000000	1.000000	1.000000	1.000000
q7057	0.000000	0.000000	0.000000	0.000000
q7058	0.000000	0.000000	0.000000	0.000000
q7059	0.000000	0.000000	0.000000	0.000000
q7060	0.000000	0.000000	0.000000	0.000000
q7061	0.430677	0.430677	0.430677	0.430677
q7062	0.000000	0.000000	0.000000	0.000000
q7063	0.000000	0.000000	0.000000	0.000000
q7064	0.386853	0.386853	0.386853	0.386853
q7065	0.000000	0.000000	0.000000	0.000000
q7066	0.000000	0.000000	0.000000	0.000000
q7067	0.333333	0.333333	0.333333	0.333333
q7068	0.000000	0.000000	0.000000	0.000000
q7069	0.386853	0.386853	0.386853	0.386853
q7070	0.000000	0.000000	0.000000	0.000000
q7071	0.000000	0.000000	0.000000	0.000000
q7072	0.000000	0.000000	0.000000	0.000000
q7073	0.000000	0.000000	0.000000	0.000000
q7074	0.000000	0.000000	0.000000	0.000000
q7075	0.000000	0.000000	0.000000	0.000000
q7076	0.000000	0.000000	0.000000	0.000000
q7077	0.000000	0.000000	0.000000	0.000000
q7078	0.000000	0.000000	0.000000	0.000000
q7079	0.000000	0.000000	0.000000	0.000000
q7080	0.000000	0.000000	0.000000	0.000000
q7081	0.630930	0.630930	0.630930	0.630930
q7082	0.000000	0.000000	0.000000	0.000000
q7083	0.000000	0.000000	0.000000	0.000000
q7084	0.333333	0.333333	0.333333	0.333333
q7085	0.000000	0.000000	0.000000	0.000000
q7086	0.000000	0.000000	0.000000	0.000000
q7087	0.000000	0.000000	0.000000	0.000000
q7088	0.500000	0.500000	0.500000	0.500000
q7089	0.000000	0.000000	0.000000	0.000000
q7090	0.000000	0.000000	0.000000	0.000000
q7091	0.000000	0.000000	0.000000	0.000000
q7092	0.000000	0.000000	0.000000	0.000000
q7093	0.000000	0.000000	0.000000	0.000000
q7094	0.000000	0.000000	0.000000	0.000000
q7095	0.000000	0.000000	0.000000	0.000000
q7096	0.000000	0.000000	0.000000	0.000000
q7097	0.000000	0.000000	0.000000	0.000000
q7098	0.000000	0.000000	0.000000	0.000000
q7099	0.000000	0.000000	0.000000	0.000000
q7100	0.000000	0.000000	0.000000	0.000000
q7101	0.000000	0.000000	0.000000	0.000000
q7102	0.000000	0.000000	0.000000	0.000000
q7103	0.000000	0.000000	0.000000	0.000000
q7104	0.000000	0.000000	0.000000	0.000000
q7105	0.000000	0.000000	0.000000	0.000000
q7106	0.000000	0.000000	0.000000	0.000000
q7107	0.000000	0.000000	0.000000	0.000000
q7108	0.000000	0.000000	0.000000	0.000000
q7109	0.000000	0.000000	0.000000	0.000000
q7110	0.000000	0.000000	0.000000	0.000000
q7111	0.000000	0.000000	0.000000	0.000000
q7112	0.000000	0.000000	0.000000	0.000000
q7113	0.000000	0.000000	0.000000	0.000000
q7114	0.000000	0.000000	0.000000	0.000000
q7115	0.000000	0.000000	0.000000	0.000000
q7116	0.000000	0.000000	0.000000	0.000000
q7117	0.000000	0.000000	0.000000	0.000000
q7118	0.000000	0.000000	0.000000	0.000000
q7119	0.000000	0.000000	0.000000	0.000000
q7120	0.000000	0.000000	0.000000	0.000000
q7121	0.000000	0.000000	0.000000	0.000000
q7122	0.000000	0.000000	0.000000	0.000000
q7123	0.000000	0.000000	0.000000	0.000000
q7124	0.000000	0.000000	0.000000	0.000000
q7125	1.000000	1.000000	1.000000	1.000000
q7126	1.000000	1.000000	1.000000	1.000000
q7127	0.315465	0.315465	0.315465	0.315465
q7128	0.000000	0.000000	0.000000	0.000000
q7129	0.000000	0.000000	0.000000	0.000000
q7130	0.000000	0.000000	0.000000	0.000000
q7131	0.000000	0.000000	0.000000	0.000000
q7132	0.000000	0.000000	0.000000	0.000000
q7133	1.000000	1.000000	1.000000	1.000000
q7134	0.630930	0.630930	0.630930	0.630930
q7135	0.000000	0.000000	0.000000	0.000000
q7136	0.000000	0.000000	0.000000	0.000000
q7137	0.000000	0.000000	0.000000	0.000000
q7138	0.000000	0.000000	0.000000	0.000000
q7139	0.356207	0.356207	0.356207	0.356207
q7140	0.500000	0.500000	0.500000	0.500000
q7141	0.000000	0.000000	0.000000	0.000000
q7142	0.000000	0.000000	0.000000	0.000000
q7143	0.000000	0.000000	0.000000	0.000000
q7144	1.000000	1.000000	1.000000	1.000000
q7145	0.000000	0.000000	0.000000	0.000000
q7146	0.000000	0.000000	0.000000	0.000000
q7147	0.000000	0.000000	0.000000	0.000000
q7148	0.333333	0.333333	0.333333	0.333333
q7149	0.000000	0.000000	0.000000	0.000000
q7150	0.000000	0.000000	0.000000	0.000000
q7151	0.000000	0.000000	0.000000	0.000000
q7152	0.000000	0.000000	0.000000	0.000000
q7153	0.000000	0.000000	0.000000	0.000000
q7154	0.000000	0.000000	0.000000	0.000000
q7155	0.500000	0.500000	0.500000	0.500000
q7156	0.000000	0.000000	0.000000	0.000000
q7157	0.000000	0.000000	0.000000	0.000000
q7158	0.000000	0.000000	0.000000	0.000000
q7159	0.000000	0.000000	0.000000	0.000000
q7160	0.000000	0.000000	0.000000	0.000000
q7161	0.000000	0.000000	0.000000	0.000000
q7162	0.301030	0.301030	0.301030	0.301030
q7163	0.000000	0.000000	0.000000	0.000000
q7164	0.000000	0.000000	0.000000	0.000000
q7165	0.000000	0.000000	0.000000	0.000000
q7166	0.000000	0.000000	0.000000	0.000000
q7167	0.000000	0.000000	0.000000	0.000000
q7168	0.000000	0.000000	0.000000	0.000000
q7169	1.000000	1.000000	1.000000	1.000000
q7170	0.289065	0.289065	0.289065	0.289065
q7171	0.000000	0.000000	0.000000	0.000000
q7172	0.000000	0.000000	0.000000	0.000000
q7173	0.000000	0.000000	0.000000	0.000000
q7174	0.000000	0.000000	0.000000	0.000000
q7175	0.000000	0.000000	0.000000	0.000000
q7176	0.000000	0.000000	0.000000	0.000000
q7177	0.000000	0.000000	0.000000	0.000000
q7178	0.333333	0.333333	0.333333	0.333333
q7179	0.000000	0.000000	0.000000	0.000000
q7180	0.000000	0.000000	0.000000	0.000000
q7181	0.000000	0.000000	0.000000	0.000000
q7182	0.315465	0.315465	0.315465	0.315465
q7183	0.000000	0.000000	0.000000	0.000000
q7184	0.000000	0.000000	0.000000	0.000000
q7185	0.500000	0.500000	0.500000	0.500000
q7186	0.000000	0.000000	0.000000	0.000000
q7187	0.000000	0.000000	0.000000	0.000000
q7188	0.000000	0.000000	0.000000	0.000000
q7189	0.000000	0.000000	0.000000	0.000000
q7190	0.000000	0.000000	0.000000	0.000000
q7191	0.000000	0.000000	0.000000	0.000000
q7192	0.630930	0.630930	0.630930	0.630930
q7193	0.000000	0.000000	0.000000	0.000000
q7194	0.000000	0.000000	0.000000	0.000000
q7195	1.000000	1.000000	1.000000	1.000000
q7196	0.000000	0.000000	0.000000	0.000000
q7197	0.000000	0.000000	0.000000	0.000000
q7198	0.000000	0.000000	0.000000	0.000000
q7199	1.000000	1.000000	1.000000	1.000000
q7200	0.000000	0.000000	0.000000	0.000000
q7201	0.000000	0.000000	0.000000	0.000000
q7202	1.000000	1.000000	1.000000	1.000000
q7203	0.000000	0.000000	0.000000	0.000000
q7204	0.000000	0.000000	0.000000	0.000000
q7205	0.000000	0.000000	0.000000	0.000000
q7206	0.000000	0.000000	0.000000	0.000000
q7207	0.000000	0.000000	0.000000	0.000000
q7208	0.000000	0.000000	0.000000	0.000000
q7209	0.000000	0.000000	0.000000	0.000000
q7210	0.000000	0.000000	0.000000	0.000000
q7211	0.000000	0.000000	0.000000	0.000000
q7212	0.356207	0.356207	0.356207	0.356207
q7213	0.000000	0.000000	0.000000	0.000000
q7214	0.000000	0.000000	0.000000	0.000000
q7215	0.000000	0.000000	0.000000	0.000000
q7216	0.000000	0.000000	0.000000	0.000000
q7217	0.000000	0.000000	0.000000	0.000000
q7218	0.000000	0.000000	0.000000	0.000000
q7219	0.000000	0.000000	0.000000	0.000000
q7220	0.000000	0.000000	0.000000	0.000000
q7221	0.000000	0.000000	0.000000	0.000000
q7222	0.000000	0.000000	0.000000	0.000000
q7223	0.000000	0.000000	0.000000	0.000000
q7224	0.000000	0.000000	0.000000	0.000000
q7225	0.289065	0.289065	0.289065	0.289065
q7226	0.000000	0.000000	0.000000	0.000000
q7227	0.000000	0.000000	0.000000	0.000000
q7228	0.000000	0.000000	0.000000	0.000000
q7229	0.000000	0.000000	0.000000	0.000000
q7230	0.000000	0.000000	0.000000	0.000000
q7231	0.000000	0.000000	0.000000	0.000000
q7232	0.000000	0.000000	0.000000	0.000000
q7233	0.500000	0.500000	0.500000	0.500000
q7234	0.000000	0.000000	0.000000	0.000000
q7235	0.000000	0.000000	0.000000	0.000000
q7236	0.000000	0.000000	0.000000	0.000000
q7237	0.000000	0.000000	0.000000	0.000000
q7238	0.000000	0.000000	0.000000	0.000000
q7239	0.000000	0.000000	0.000000	0.000000
q7240	0.000000	0.000000	0.000000	0.000000
q7241	0.000000	0.000000	0.000000	0.000000
q7242	0.000000	0.000000	0.000000	0.000000
q7243	0.000000	0.000000	0.000000	0.000000
q7244	0.430677	0.430677	0.430677	0.430677
q7245	0.000000	0.000000	0.000000	0.000000
q7246	0.000000	0.000000	0.000000	0.000000
q7247	0.000000	0.000000	0.000000	0.000000
q7248	0.000000	0.000000	0.000000	0.000000
q7249	0.000000	0.000000	0.000000	0.000000
q7250	0.000000	0.000000	0.000000	0.000000
q7251	0.000000	0.000000	0.000000	0.000000
q7252	0.315465	0.315465	0.315465	0.315465
q7253	0.000000	0.000000	0.000000	0.000000
q7254	1.000000	1.000000	1.000000	1.000000
q7255	0.000000	0.000000	0.000000	0.000000
q7256	0.000000	0.000000	0.000000	0.000000
q7257	0.000000	0.000000	0.000000	0.000000
q7258	0.289065	0.289065	0.289065	0.289065
q7259	0.000000	0.000000	0.000000	0.000000
q7260	0.000000	0.000000	0.000000	0.000000
q7261	0.000000	0.000000	0.000000	0.000000
q7262	0.000000	0.000000	0.000000	0.000000
q7263	0.000000	0.000000	0.000000	0.000000
q7264	0.000000	0.000000	0.000000	0.000000
q7265	0.000000	0.000000	0.000000	0.000000
q7266	0.000000	0.000000	0.000000	0.000000
q7267	0.000000	0.000000	0.000000	0.000000
q7268	0.000000	0.000000	0.000000	0.000000
q7269	0.000000	0.000000	0.000000	0.000000
q7270	0.356207	0.356207	0.356207	0.356207
q7271	1.000000	1.000000	1.000000	1.000000
q7272	0.000000	0.000000	0.000000	0.000000
q7273	0.630930	0.630930	0.630930	0.630930
q7274	0.000000	0.000000	0.000000	0.000000
q7275	0.000000	0.000000	0.000000	0.000000
q7276	0.000000	0.000000	0.000000	0.000000
q7277	0.000000	0.000000	0.000000	0.000000
q7278	0.000000	0.000000	0.000000	0.000000
q7279	0.000000	0.000000	0.000000	0.000000
q7280	0.000000	0.000000	0.000000	0.000000
q7281	0.000000	0.000000	0.000000	0.000000
q7282	0.000000	0.000000	0.000000	0.000000
q7283	0.000000	0.000000	0.000000	0.000000
q7284	0.000000	0.000000	0.000000	0.000000
q7285	0.000000	0.000000	0.000000	0.000000
q7286	0.000000	0.000000	0.000000	0.000000
q7287	0.000000	0.000000	0.000000	0.000000
q7288	0.000000	0.000000	0.000000	0.000000
q7289	0.000000	0.000000	0.000000	0.000000
q7290	0.000000	0.000000	0.000000	0.000000
q7291	0.000000	0.000000	0.000000	0.000000
q7292	0.000000	0.000000	0.000000	0.000000
q7293	0.000000	0.000000	0.000000	0.000000
q7294	0.630930	0.630930	0.630930	0.630930
q7295	0.000000	0.000000	0.000000	0.000000
q7296	0.000000	0.000000	0.000000	0.000000
q7297	0.000000	0.000000	0.000000	0.000000
q7298	0.000000	0.000000	0.000000	0.000000
q7299	0.000000	0.000000	0.000000	0.000000
q7300	0.000000	0.000000	0.000000	0.000000
q7301	0.000000	0.000000	0.000000	0.000000
q7302	0.000000	0.000000	0.000000	0.000000
q7303	0.000000	0.000000	0.000000	0.000000
q7304	0.430677	0.430677	0.430677	0.430677
q7305	0.000000	0.000000	0.000000	0.000000
q7306	0.000000	0.000000	0.000000	0.000000
q7307	0.000000	0.000000	0.000000	0.000000
q7308	0.430677	0.430677	0.430677	0.430677
q7309	0.000000	0.000000	0.000000	0.000000
q7310	0.000000	0.000000	0.000000	0.000000
q7311	0.000000	0.000000	0.000000	0.000000
q7312	0.000000	0.000000	0.000000	0.000000
q7313	0.000000	0.000000	0.000000	0.000000
q7314	0.000000	0.000000	0.000000	0.000000
q7315	0.000000	0.000000	0.000000	0.000000
q7316	0.000000	0.000000	0.000000	0.000000
q7317	0.000000	0.000000	0.000000	0.000000
q7318	0.000000	0.000000	0.000000	0.000000
q7319	0.000000	0.000000	0.000000	0.000000
q7320	0.000000	0.000000	0.000000	0.000000
q7321	0.000000	0.000000	0.000000	0.000000
q7322	0.000000	0.000000	0.000000	0.000000
q7323	0.000000	0.000000	0.000000	0.000000
q7324	0.000000	0.000000	0.000000	0.000000
q7325	0.000000	0.000000	0.000000	0.000000
q7326	0.500000	0.500000	0.500000	0.500000
q7327	0.000000	0.000000	0.000000	0.000000
q7328	0.000000	0.000000	0.000000	0.000000
q7329	0.000000	0.000000	0.000000	0.000000
q7330	0.000000	0.000000	0.000000	0.000000
q7331	0.000000	0.000000	0.000000	0.000000
q7332	0.000000	0.000000	0.000000	0.000000
q7333	0.000000	0.000000	0.000000	0.000000
q7334	0.000000	0.000000	0.000000	0.000000
q7335	0.000000	0.000000	0.000000	0.000000
q7336	0.000000	0.000000	0.000000	0.000000
q7337	1.000000	1.000000	1.000000	1.000000
q7338	0.000000	0.000000	0.000000	0.000000
q7339	0.000000	0.000000	0.000000	0.000000
q7340	0.000000	0.000000	0.000000	0.000000
q7341	0.000000	0.000000	0.000000	0.000000
q7342	0.000000	0.000000	0.000000	0.000000
q7343	0.500000	0.500000	0.500000	0.500000
q7344	0.000000	0.000000	0.000000	0.000000
q7345	0.000000	0.000000	0.000000	0.000000
q7346	0.000000	0.000000	0.000000	0.000000
q7347	0.000000	0.000000	0.000000	0.000000
q7348	0.000000	0.000000	0.000000	0.000000
q7349	0.000000	0.000000	0.000000	0.000000
q7350	0.000000	0.000000	0.000000	0.000000
q7351	0.000000	0.000000	0.000000	0.000000
q7352	0.630930	0.630930	0.630930	0.630930
q7353	0.000000	0.000000	0.000000	0.000000
q7354	0.000000	0.000000	0.000000	0.000000
q7355	0.301030	0.301030	0.301030	0.301030
q7356	0.000000	0.000000	0.000000	0.000000
q7357	0.000000	0.000000	0.000000	0.000000
q7358	0.000000	0.000000	0.000000	0.000000
q7359	0.000000	0.000000	0.000000	0.000000
q7360	0.000000	0.000000	0.000000	0.000000
q7361	0.000000	0.000000	0.000000	0.000000
q7362	0.000000	0.000000	0.000000	0.000000
q7363	0.000000	0.000000	0.000000	0.000000
q7364	0.000000	0.000000	0.000000	0.000000
q7365	0.000000	0.000000	0.000000	0.000000
q7366	0.630930	0.630930	0.630930	0.630930
q7367	0.000000	0.000000	0.000000	0.000000
q7368	0.000000	0.000000	0.000000	0.000000
q7369	0.000000	0.000000	0.000000	0.000000
q7370	0.000000	0.000000	0.000000	0.000000
q7371	0.000000	0.000000	0.000000	0.000000
q7372	0.000000	0.000000	0.000000	0.000000
q7373	1.000000	1.000000	1.000000	1.000000
q7374	0.000000	0.000000	0.000000	0.000000
q7375	0.000000	0.000000	0.000000	0.000000
q7376	0.000000	0.000000	0.000000	0.000000
q7377	0.000000	0.000000	0.000000	0.000000
q7378	0.000000	0.000000	0.000000	0.000000
q7379	0.000000	0.000000	0.000000	0.000000
q7380	0.000000	0.000000	0.000000	0.000000
q7381	0.000000	0.000000	0.000000	0.000000
q7382	0.000000	0.000000	0.000000	0.000000
q7383	0.000000	0.000000	0.000000	0.000000
q7384	0.000000	0.000000	0.000000	0.000000
q7385	0.000000	0.000000	0.000000	0.000000
q7386	0.000000	0.000000	0.000000	0.000000
q7387	0.000000	0.000000	0.000000	0.000000
q7388	0.000000	0.000000	0.000000	0.000000
q7389	0.000000	0.000000	0.000000	0.000000
q7390	0.000000	0.000000	0.000000	0.000000
q7391	0.000000	0.000000	0.000000	0.000000
q7392	0.000000	0.000000	0.000000	0.000000
q7393	0.000000	0.000000	0.000000	0.000000
q7394	0.000000	0.000000	0.000000	0.000000
q7395	0.000000	0.000000	0.000000	0.000000
q7396	0.000000	0.000000	0.000000	0.000000
q7397	0.000000	0.000000	0.000000	0.000000
q7398	0.000000	0.000000	0.000000	0.000000
q7399	0.000000	0.000000	0.000000	0.000000
q7400	0.000000	0.000000	0.000000	0.000000
q7401	0.000000	0.000000	0.000000	0.000000
q7402	0.000000	0.000000	0.000000	0.000000
q7403	0.000000	0.000000	0.000000	0.000000
q7404	0.000000	0.000000	0.000000	0.000000
q7405	0.000000	0.000000	0.000000	0.000000
q7406	0.000000	0.000000	0.000000	0.000000
q7407	0.000000	0.000000	0.000000	0.000000
q7408	0.000000	0.000000	0.000000	0.000000
q7409	0.000000	0.000000	0.000000	0.000000
q7410	0.000000	0.000000	0.000000	0.000000
q7411	0.000000	0.000000	0.000000	0.000000
q7412	0.000000	0.000000	0.000000	0.000000
q7413	0.000000	0.000000	0.000000	0.000000
q7414	0.301030	0.301030	0.301030	0.301030
q7415	0.000000	0.000000	0.000000	0.000000
q7416	0.000000	0.000000	0.000000	0.000000
q7417	0.000000	0.000000	0.000000	0.000000
q7418	0.430677	0.430677	0.430677	0.430677
q7419	0.000000	0.000000	0.000000	0.000000
q7420	0.000000	0.000000	0.000000	0.000000
q7421	0.315465	0.315465	0.315465	0.315465
q7422	0.000000	0.000000	0.000000	0.000000
q7423	0.000000	0.000000	0.000000	0.000000
q7424	0.000000	0.000000	0.000000	0.000000
q7425	0.000000	0.000000	0.000000	0.000000
q7426	0.000000	0.000000	0.000000	0.000000
q7427	0.000000	0.000000	0.000000	0.000000
q7428	0.000000	0.000000	0.000000	0.000000
q7429	0.000000	0.000000	0.000000	0.000000
q7430	0.000000	0.000000	0.000000	0.000000
q7431	0.000000	0.000000	0.000000	0.000000
q7432	0.000000	0.000000	0.000000	0.000000
q7433	0.000000	0.000000	0.000000	0.000000
q7434	0.000000	0.000000	0.000000	0.000000
q7435	0.000000	0.000000	0.000000	0.000000
q7436	0.000000	0.000000	0.000000	0.000000
q7437	0.000000	0.000000	0.000000	0.000000
q7438	0.000000	0.000000	0.000000	0.000000
q7439	0.000000	0.000000	0.000000	0.000000
q7440	0.000000	0.000000	0.000000	0.000000
q7441	0.000000	0.000000	0.000000	0.000000
q7442	0.000000	0.000000	0.000000	0.000000
q7443	0.000000	0.000000	0.000000	0.000000
q7444	0.000000	0.000000	0.000000	0.000000
q7445	0.000000	0.000000	0.000000	0.000000
q7446	0.000000	0.000000	0.000000	0.000000
q7447	0.500000	0.500000	0.500000	0.500000
q7448	0.000000	0.000000	0.000000	0.000000
q7449	0.630930	0.630930	0.630930	0.630930
q7450	0.000000	0.000000	0.000000	0.000000
q7451	0.000000	0.000000	0.000000	0.000000
q7452	0.000000	0.000000	0.000000	0.000000
q7453	0.000000	0.000000	0.000000	0.000000
q7454	0.000000	0.000000	0.000000	0.000000
q7455	0.000000	0.000000	0.000000	0.000000
q7456	0.000000	0.000000	0.000000	0.000000
q7457	0.000000	0.000000	0.000000	0.000000
q7458	0.000000	0.000000	0.000000	0.000000
q7459	0.000000	0.000000	0.000000	0.000000
q7460	0.000000	0.000000	0.000000	0.000000
q7461	0.000000	0.000000	0.000000	0.000000
q7462	0.000000	0.000000	0.000000	0.000000
q7463	0.000000	0.000000	0.000000	0.000000
q7464	0.000000	0.000000	0.000000	0.000000
q7465	0.000000	0.000000	0.000000	0.000000
q7466	0.000000	0.000000	0.000000	0.000000
q7467	0.289065	0.289065	0.289065	0.289065
q7468	0.356207	0.356207	0.356207	0.356207
q7469	0.315465	0.315465	0.315465	0.315465
q7470	0.000000	0.000000	0.000000	0.000000
q7471	0.000000	0.000000	0.000000	0.000000
q7472	0.000000	0.000000	0.000000	0.000000
q7473	0.315465	0.315465	0.315465	0.315465
q7474	0.630930	0.630930	0.630930	0.630930
q7475	0.000000	0.000000	0.000000	0.000000
q7476	0.000000	0.000000	0.000000	0.000000
q7477	0.000000	0.000000	0.000000	0.000000
q7478	0.000000	0.000000	0.000000	0.000000
q7479	0.000000	0.000000	0.000000	0.000000
q7480	0.000000	0.000000	0.000000	0.000000
q7481	0.000000	0.000000	0.000000	0.000000
q7482	0.000000	0.000000	0.000000	0.000000
q7483	0.000000	0.000000	0.000000	0.000000
q7484	1.000000	1.000000	1.000000	1.000000
q7485	0.000000	0.000000	0.000000	0.000000
q7486	0.000000	0.000000	0.000000	0.000000
q7487	0.000000	0.000000	0.000000	0.000000
q7488	0.000000	0.000000	0.000000	0.000000
q7489	1.000000	1.000000	1.000000	1.000000
q7490	0.000000	0.000000	0.000000	0.000000
q7491	0.000000	0.000000	0.000000	0.000000
q7492	0.000000	0.000000	0.000000	0.000000
q7493	0.000000	0.000000	0.000000	0.000000
q7494	0.000000	0.000000	0.000000	0.000000
q7495	0.000000	0.000000	0.000000	0.000000
q7496	0.000000	0.000000	0.000000	0.000000
q7497	1.000000	1.000000	1.000000	1.000000
q7498	0.000000	0.000000	0.000000	0.000000
q7499	0.000000	0.000000	0.000000	0.000000
q7500	0.000000	0.000000	0.000000	0.000000
q7501	0.000000	0.000000	0.000000	0.000000
q7502	0.000000	0.000000	0.000000	0.000000
q7503	0.000000	0.000000	0.000000	0.000000
q7504	0.000000	0.000000	0.000000	0.000000
q7505	0.386853	0.386853	0.386853	0.386853
q7506	0.000000	0.000000	0.000000	0.000000
q7507	0.000000	0.000000	0.000000	0.000000
q7508	0.000000	0.000000	0.000000	0.000000
q7509	0.000000	0.000000	0.000000	0.000000
q7510	0.000000	0.000000	0.000000	0.000000
q7511	0.000000	0.000000	0.000000	0.000000
q7512	0.000000	0.000000	0.000000	0.000000
q7513	0.430677	0.430677	0.430677	0.430677
q7514	0.000000	0.000000	0.000000	0.000000
q7515	0.000000	0.000000	0.000000	0.000000
q7516	0.000000	0.000000	0.000000	0.000000
q7517	0.000000	0.000000	0.000000	0.000000
q7518	0.000000	0.000000	0.000000	0.000000
q7519	0.000000	0.000000	0.000000	0.000000
q7520	0.630930	0.630930	0.630930	0.630930
q7521	1.000000	1.000000	1.000000	1.000000
q7522	0.000000	0.000000	0.000000	0.000000
q7523	0.000000	0.000000	0.000000	0.000000
q7524	0.000000	0.000000	0.000000	0.000000
q7525	0.000000	0.000000	0.000000	0.000000
q7526	0.000000	0.000000	0.000000	0.000000
q7527	0.000000	0.000000	0.000000	0.000000
q7528	0.289065	0.289065	0.289065	0.289065
q7529	0.000000	0.000000	0.000000	0.000000
q7530	0.356207	0.356207	0.356207	0.356207
q7531	1.000000	1.000000	1.000000	1.000000
q7532	0.000000	0.000000	0.000000	0.000000
q7533	0.000000	0.000000	0.000000	0.000000
q7534	0.000000	0.000000	0.000000	0.000000
q7535	0.000000	0.000000	0.000000	0.000000
q7536	0.000000	0.000000	0.000000	0.000000
q7537	1.000000	1.000000	1.000000	1.000000
q7538	0.000000	0.000000	0.000000	0.000000
q7539	0.000000	0.000000	0.000000	0.000000
q7540	0.000000	0.000000	0.000000	0.000000
q7541	0.000000	0.000000	0.000000	0.000000
q7542	0.000000	0.000000	0.000000	0.000000
q7543	0.000000	0.000000	0.000000	0.000000
q7544	0.000000	0.000000	0.000000	0.000000
q7545	0.000000	0.000000	0.000000	0.000000
q7546	0.000000	0.000000	0.000000	0.000000
q7547	0.630930	0.630930	0.630930	0.630930
q7548	0.000000	0.000000	0.000000	0.000000
q7549	0.000000	0.000000	0.000000	0.000000
q7550	0.000000	0.000000	0.000000	0.000000
q7551	0.000000	0.000000	0.000000	0.000000
q7552	0.000000	0.000000	0.000000	0.000000
q7553	0.000000	0.000000	0.000000	0.000000
q7554	0.000000	0.000000	0.000000	0.000000
q7555	0.000000	0.000000	0.000000	0.000000
q7556	0.000000	0.000000	0.000000	0.000000
q7557	0.000000	0.000000	0.000000	0.000000
q7558	0.000000	0.000000	0.000000	0.000000
q7559	0.000000	0.000000	0.000000	0.000000
q7560	0.000000	0.000000	0.000000	0.000000
q7561	0.000000	0.000000	0.000000	0.000000
q7562	0.000000	0.000000	0.000000	0.000000
q7563	0.000000	0.000000	0.000000	0.000000
q7564	0.000000	0.000000	0.000000	0.000000
q7565	0.000000	0.000000	0.000000	0.000000
q7566	0.000000	0.000000	0.000000	0.000000
q7567	0.000000	0.000000	0.000000	0.000000
q7568	0.000000	0.000000	0.000000	0.000000
q7569	0.000000	0.000000	0.000000	0.000000
q7570	0.000000	0.000000	0.000000	0.000000
q7571	0.000000	0.000000	0.000000	0.000000
q7572	0.000000	0.000000	0.000000	0.000000
q7573	0.000000	0.000000	0.000000	0.000000
q7574	0.000000	0.000000	0.000000	0.000000
q7575	0.000000	0.000000	0.000000	0.000000
q7576	0.301030	0.301030	0.301030	0.301030
q7577	0.000000	0.000000	0.000000	0.000000
q7578	0.000000	0.000000	0.000000	0.000000
q7579	0.333333	0.333333	0.333333	0.333333
q7580	0.289065	0.289065	0.289065	0.289065
q7581	0.000000	0.000000	0.000000	0.000000
q7582	0.000000	0.000000	0.000000	0.000000
q7583	0.000000	0.000000	0.000000	0.000000
q7584	1.000000	1.000000	1.000000	1.000000
q7585	0.000000	0.000000	0.000000	0.000000
q7586	0.000000	0.000000	0.000000	0.000000
q7587	0.000000	0.000000	0.000000	0.000000
q7588	0.000000	0.000000	0.000000	0.000000
q7589	0.000000	0.000000	0.000000	0.000000
q7590	0.000000	0.000000	0.000000	0.000000
q7591	0.000000	0.000000	0.000000	0.000000
q7592	0.000000	0.000000	0.000000	0.000000
q7593	0.000000	0.000000	0.000000	0.000000
q7594	0.000000	0.000000	0.000000	0.000000
q7595	0.000000	0.000000	0.000000	0.000000
q7596	0.000000	0.000000	0.000000	0.000000
q7597	0.000000	0.000000	0.000000	0.000000
q7598	0.000000	0.000000	0.000000	0.000000
q7599	0.000000	0.000000	0.000000	0.000000
q7600	0.000000	0.000000	0.000000	0.000000
q7601	0.000000	0.000000	0.000000	0.000000
q7602	0.000000	0.000000	0.000000	0.000000
q7603	0.000000	0.000000	0.000000	0.000000
q7604	0.000000	0.000000	0.000000	0.000000
q7605	0.000000	0.000000	0.000000	0.000000
q7606	0.000000	0.000000	0.000000	0.000000
q7607	0.000000	0.000000	0.000000	0.000000
q7608	1.000000	1.000000	1.000000	1.000000
q7609	0.333333	0.333333	0.333333	0.333333
q7610	0.000000	0.000000	0.000000	0.000000
q7611	0.000000	0.000000	0.000000	0.000000
q7612	0.000000	0.000000	0.000000	0.000000
q7613	0.000000	0.000000	0.000000	0.000000
q7614	0.000000	0.000000	0.000000	0.000000
q7615	0.000000	0.000000	0.000000	0.000000
q7616	0.000000	0.000000	0.000000	0.000000
q7617	0.000000	0.000000	0.000000	0.000000
q7618	0.000000	0.000000	0.000000	0.000000
q7619	0.000000	0.000000	0.000000	0.000000
q7620	0.000000	0.000000	0.000000	0.000000
q7621	0.000000	0.000000	0.000000	0.000000
q7622	0.000000	0.000000	0.000000	0.000000
q7623	0.000000	0.000000	0.000000	0.000000
q7624	0.000000	0.000000	0.000000	0.000000
q7625	0.000000	0.000000	0.000000	0.000000
q7626	0.000000	0.000000	0.000000	0.000000
q7627	0.000000	0.000000	0.000000	0.000000
q7628	0.630930	0.630930	0.630930	0.630930
q7629	1.000000	1.000000	1.000000	1.000000
q7630	0.630930	0.630930	0.630930	0.630930
q7631	1.000000	1.000000	1.000000	1.000000
q7632	0.500000	0.500000	0.500000	0.500000
q7633	1.000000	1.000000	1.000000	1.000000
q7634	0.630930	0.630930	0.630930	0.630930
q7635	1.000000	1.000000	1.000000	1.000000
q7636	1.000000	1.000000	1.000000	1.000000
q7637	0.630930	0.630930	0.630930	0.630930
q7638	0.000000	0.000000	0.000000	0.000000
q7639	1.000000	1.000000	1.000000	1.000000
q7640	0.630930	0.630930	0.630930	0.630930
q7641	0.000000	0.000000	0.000000	0.000000
q7642	1.000000	1.000000	1.000000	1.000000
q7643	0.000000	0.000000	0.000000	0.000000
q7644	0.630930	0.630930	0.630930	0.630930
q7645	0.000000	0.000000	0.000000	0.000000
q7646	0.000000	0.000000	0.000000	0.000000
q7647	0.000000	0.000000	0.000000	0.000000
q7648	0.000000	0.000000	0.000000	0.000000
q7649	0.000000	0.000000	0.000000	0.000000
q7650	0.000000	0.000000	0.000000	0.000000
q7651	0.000000	0.000000	0.000000	0.000000
q7652	0.000000	0.000000	0.000000	0.000000
q7653	0.000000	0.000000	0.000000	0.000000
q7654	0.000000	0.000000	0.000000	0.000000
q7655	0.356207	0.356207	0.356207	0.356207
q7656	0.000000	0.000000	0.000000	0.000000
q7657	0.000000	0.000000	0.000000	0.000000
q7658	0.000000	0.000000	0.000000	0.000000
q7659	0.000000	0.000000	0.000000	0.000000
q7660	0.000000	0.000000	0.000000	0.000000
q7661	0.000000	0.000000	0.000000	0.000000
q7662	0.000000	0.000000	0.000000	0.000000
q7663	0.000000	0.000000	0.000000	0.000000
q7664	0.000000	0.000000	0.000000	0.000000
q7665	0.000000	0.000000	0.000000	0.000000
q7666	0.000000	0.000000	0.000000	0.000000
q7667	0.000000	0.000000	0.000000	0.000000
q7668	0.000000	0.000000	0.000000	0.000000
q7669	1.000000	1.000000	1.000000	1.000000
q7670	0.000000	0.000000	0.000000	0.000000
q7671	0.000000	0.000000	0.000000	0.000000
q7672	1.000000	1.000000	1.000000	1.000000
q7673	0.000000	0.000000	0.000000	0.000000
q7674	0.000000	0.000000	0.000000	0.000000
q7675	1.000000	1.000000	1.000000	1.000000
q7676	0.000000	0.000000	0.000000	0.000000
q7677	0.000000	0.000000	0.000000	0.000000
q7678	0.386853	0.386853	0.386853	0.386853
q7679	0.000000	0.000000	0.000000	0.000000
q7680	0.000000	0.000000	0.000000	0.000000
q7681	0.000000	0.000000	0.000000	0.000000
q7682	0.000000	0.000000	0.000000	0.000000
q7683	0.000000	0.000000	0.000000	0.000000
q7684	0.000000	0.000000	0.000000	0.000000
q7685	0.000000	0.000000	0.000000	0.000000
q7686	0.000000	0.000000	0.000000	0.000000
q7687	0.000000	0.000000	0.000000	0.000000
q7688	0.000000	0.000000	0.000000	0.000000
q7689	0.000000	0.000000	0.000000	0.000000
q7690	0.000000	0.000000	0.000000	0.000000
q7691	0.000000	0.000000	0.000000	0.000000
q7692	0.000000	0.000000	0.000000	0.000000
q7693	0.000000	0.000000	0.000000	0.000000
q7694	0.000000	0.000000	0.000000	0.000000
q7695	1.000000	1.000000	1.000000	1.000000
q7696	0.000000	0.000000	0.000000	0.000000
q7697	0.000000	0.000000	0.000000	0.000000
q7698	0.000000	0.000000	0.000000	0.000000
q7699	0.000000	0.000000	0.000000	0.000000
q7700	0.000000	0.000000	0.000000	0.000000
q7701	0.301030	0.301030	0.301030	0.301030
q7702	1.000000	1.000000	1.000000	1.000000
q7703	0.000000	0.000000	0.000000	0.000000
q7704	0.000000	0.000000	0.000000	0.000000
q7705	0.000000	0.000000	0.000000	0.000000
q7706	0.000000	0.000000	0.000000	0.000000
q7707	0.000000	0.000000	0.000000	0.000000
q7708	0.000000	0.000000	0.000000	0.000000
q7709	0.000000	0.000000	0.000000	0.000000
q7710	0.000000	0.000000	0.000000	0.000000
q7711	0.000000	0.000000	0.000000	0.000000
q7712	0.000000	0.000000	0.000000	0.000000
q7713	0.000000	0.000000	0.000000	0.000000
q7714	0.000000	0.000000	0.000000	0.000000
q7715	0.000000	0.000000	0.000000	0.000000
q7716	0.500000	0.500000	0.500000	0.500000
q7717	1.000000	1.000000	1.000000	1.000000
q7718	0.630930	0.630930	0.630930	0.630930
q7719	0.500000	0.500000	0.500000	0.500000
q7720	0.000000	0.000000	0.000000	0.000000
q7721	0.430677	0.430677	0.430677	0.430677
q7722	1.000000	1.000000	1.000000	1.000000
q7723	1.000000	1.000000	1.000000	1.000000
q7724	0.630930	0.630930	0.630930	0.630930
q7725	0.000000	0.000000	0.000000	0.000000
q7726	0.000000	0.000000	0.000000	0.000000
q7727	0.000000	0.000000	0.000000	0.000000
q7728	0.000000	0.000000	0.000000	0.000000
q7729	0.000000	0.000000	0.000000	0.000000
q7730	0.000000	0.000000	0.000000	0.000000
q7731	0.000000	0.000000	0.000000	0.000000
q7732	0.000000	0.000000	0.000000	0.000000
q7733	0.000000	0.000000	0.000000	0.000000
q7734	0.630930	0.630930	0.630930	0.630930
q7735	0.000000	0.000000	0.000000	0.000000
q7736	1.000000	1.000000	1.000000	1.000000
q7737	0.000000	0.000000	0.000000	0.000000
q7738	1.000000	1.000000	1.000000	1.000000
q7739	0.000000	0.000000	0.000000	0.000000
q7740	0.000000	0.000000	0.000000	0.000000
q7741	0.000000	0.000000	0.000000	0.000000
q7742	0.000000	0.000000	0.000000	0.000000
q7743	0.000000	0.000000	0.000000	0.000000
q7744	0.000000	0.000000	0.000000	0.000000
q7745	0.333333	0.333333	0.333333	0.333333
q7746	0.000000	0.000000	0.000000	0.000000
q7747	0.000000	0.000000	0.000000	0.000000
q7748	0.000000	0.000000	0.000000	0.000000
q7749	0.000000	0.000000	0.000000	0.000000
q7750	0.000000	0.000000	0.000000	0.000000
q7751	0.000000	0.000000	0.000000	0.000000
q7752	0.000000	0.000000	0.000000	0.000000
q7753	0.000000	0.000000	0.000000	0.000000
q7754	0.000000	0.000000	0.000000	0.000000
q7755	0.000000	0.000000	0.000000	0.000000
q7756	1.000000	1.000000	1.000000	1.000000
q7757	0.000000	0.000000	0.000000	0.000000
q7758	0.000000	0.000000	0.000000	0.000000
q7759	0.500000	0.500000	0.500000	0.500000
q7760	0.000000	0.000000	0.000000	0.000000
q7761	0.000000	0.000000	0.000000	0.000000
q7762	0.000000	0.000000	0.000000	0.000000
q7763	0.000000	0.000000	0.000000	0.000000
q7764	0.000000	0.000000	0.000000	0.000000
q7765	0.000000	0.000000	0.000000	0.000000
q7766	0.000000	0.000000	0.000000	0.000000
q7767	0.000000	0.000000	0.000000	0.000000
q7768	0.000000	0.000000	0.000000	0.000000
q7769	0.000000	0.000000	0.000000	0.000000
q7770	0.000000	0.000000	0.000000	0.000000
q7771	0.315465	0.315465	0.315465	0.315465
q7772	0.000000	0.000000	0.000000	0.000000
q7773	0.630930	0.630930	0.630930	0.630930
q7774	0.000000	0.000000	0.000000	0.000000
q7775	0.000000	0.000000	0.000000	0.000000
q7776	0.000000	0.000000	0.000000	0.000000
q7777	0.000000	0.000000	0.000000	0.000000
q7778	0.000000	0.000000	0.000000	0.000000
q7779	0.000000	0.000000	0.000000	0.000000
q7780	0.000000	0.000000	0.000000	0.000000
q7781	0.000000	0.000000	0.000000	0.000000
q7782	0.000000	0.000000	0.000000	0.000000
q7783	0.430677	0.430677	0.430677	0.430677
q7784	0.000000	0.000000	0.000000	0.000000
q7785	1.000000	1.000000	1.000000	1.000000
q7786	0.000000	0.000000	0.000000	0.000000
q7787	0.000000	0.000000	0.000000	0.000000
q7788	0.000000	0.000000	0.000000	0.000000
q7789	0.000000	0.000000	0.000000	0.000000
q7790	0.000000	0.000000	0.000000	0.000000
q7791	0.000000	0.000000	0.000000	0.000000
q7792	0.000000	0.000000	0.000000	0.000000
q7793	0.000000	0.000000	0.000000	0.000000
q7794	0.000000	0.000000	0.000000	0.000000
q7795	0.000000	0.000000	0.000000	0.000000
q7796	0.000000	0.000000	0.000000	0.000000
q7797	0.000000	0.000000	0.000000	0.000000
q7798	0.000000	0.000000	0.000000	0.000000
q7799	0.000000	0.000000	0.000000	0.000000
q7800	0.000000	0.000000	0.000000	0.000000
q7801	0.000000	0.000000	0.000000	0.000000
q7802	0.630930	0.630930	0.630930	0.630930
q7803	0.000000	0.000000	0.000000	0.000000
q7804	0.000000	0.000000	0.000000	0.000000
q7805	0.000000	0.000000	0.000000	0.000000
q7806	0.000000	0.000000	0.000000	0.000000
q7807	0.000000	0.000000	0.000000	0.000000
q7808	0.000000	0.000000	0.000000	0.000000
q7809	0.000000	0.000000	0.000000	0.000000
q7810	0.000000	0.000000	0.000000	0.000000
q7811	0.000000	0.000000	0.000000	0.000000
q7812	0.000000	0.000000	0.000000	0.000000
q7813	0.000000	0.000000	0.000000	0.000000
q7814	0.000000	0.000000	0.000000	0.000000
q7815	0.000000	0.000000	0.000000	0.000000
q7816	0.000000	0.000000	0.000000	0.000000
q7817	0.000000	0.000000	0.000000	0.000000
q7818	0.289065	0.289065	0.289065	0.289065
q7819	0.000000	0.000000	0.000000	0.000000
q7820	0.000000	0.000000	0.000000	0.000000
q7821	0.000000	0.000000	0.000000	0.000000
q7822	0.000000	0.000000	0.000000	0.000000
q7823	1.000000	1.000000	1.000000	1.000000
q7824	0.000000	0.000000	0.000000	0.000000
q7825	0.000000	0.000000	0.000000	0.000000
q7826	0.000000	0.000000	0.000000	0.000000
q7827	0.000000	0.000000	0.000000	0.000000
q7828	0.000000	0.000000	0.000000	0.000000
q7829	0.000000	0.000000	0.000000	0.000000
q7830	0.630930	0.630930	0.630930	0.630930
q7831	0.000000	0.000000	0.000000	0.000000
q7832	0.000000	0.000000	0.000000	0.000000
q7833	0.000000	0.000000	0.000000	0.000000
q7834	0.000000	0.000000	0.000000	0.000000
q7835	0.000000	0.000000	0.000000	0.000000
q7836	0.386853	0.386853	0.386853	0.386853
q7837	0.000000	0.000000	0.000000	0.000000
q7838	0.000000	0.000000	0.000000	0.000000
q7839	0.000000	0.000000	0.000000	0.000000
q7840	0.000000	0.000000	0.000000	0.000000
q7841	0.356207	0.356207	0.356207	0.356207
q7842	0.000000	0.000000	0.000000	0.000000
q7843	0.000000	0.000000	0.000000	0.000000
q7844	0.000000	0.000000	0.000000	0.000000
q7845	0.000000	0.000000	0.000000	0.000000
q7846	0.000000	0.000000	0.000000	0.000000
q7847	0.000000	0.000000	0.000000	0.000000
q7848	0.000000	0.000000	0.000000	0.000000
q7849	0.000000	0.000000	0.000000	0.000000
q7850	0.000000	0.000000	0.000000	0.000000
q7851	0.000000	0.000000	0.000000	0.000000
q7852	0.000000	0.000000	0.000000	0.000000
q7853	0.500000	0.500000	0.500000	0.500000
q7854	0.000000	0.000000	0.000000	0.000000
q7855	0.000000	0.000000	0.000000	0.000000
q7856	0.500000	0.500000	0.500000	0.500000
q7857	0.000000	0.000000	0.000000	0.000000
q7858	0.000000	0.000000	0.000000	0.000000
q7859	0.000000	0.000000	0.000000	0.000000
q7860	0.000000	0.000000	0.000000	0.000000
q7861	0.000000	0.000000	0.000000	0.000000
q7862	0.000000	0.000000	0.000000	0.000000
q7863	0.000000	0.000000	0.000000	0.000000
q7864	0.000000	0.000000	0.000000	0.000000
q7865	0.630930	0.630930	0.630930	0.630930
q7866	0.000000	0.000000	0.000000	0.000000
q7867	0.000000	0.000000	0.000000	0.000000
q7868	0.000000	0.000000	0.000000	0.000000
q7869	0.000000	0.000000	0.000000	0.000000
q7870	0.000000	0.000000	0.000000	0.000000
q7871	0.000000	0.000000	0.000000	0.000000
q7872	0.000000	0.000000	0.000000	0.000000
q7873	0.000000	0.000000	0.000000	0.000000
q7874	0.000000	0.000000	0.000000	0.000000
q7875	1.000000	1.000000	1.000000	1.000000
q7876	0.000000	0.000000	0.000000	0.000000
q7877	0.000000	0.000000	0.000000	0.000000
q7878	0.000000	0.000000	0.000000	0.000000
q7879	0.000000	0.000000	0.000000	0.000000
q7880	0.000000	0.000000	0.000000	0.000000
q7881	0.000000	0.000000	0.000000	0.000000
q7882	0.500000	0.500000	0.500000	0.500000
q7883	0.000000	0.000000	0.000000	0.000000
q7884	0.000000	0.000000	0.000000	0.000000
q7885	0.000000	0.000000	0.000000	0.000000
q7886	0.000000	0.000000	0.000000	0.000000
q7887	0.630930	0.630930	0.630930	0.630930
q7888	0.000000	0.000000	0.000000	0.000000
q7889	0.000000	0.000000	0.000000	0.000000
q7890	0.000000	0.000000	0.000000	0.000000
q7891	0.000000	0.000000	0.000000	0.000000
q7892	0.000000	0.000000	0.000000	0.000000
q7893	0.000000	0.000000	0.000000	0.000000
q7894	0.630930	0.630930	0.630930	0.630930
q7895	0.000000	0.000000	0.000000	0.000000
q7896	0.000000	0.000000	0.000000	0.000000
q7897	0.000000	0.000000	0.000000	0.000000
q7898	0.000000	0.000000	0.000000	0.000000
q7899	0.000000	0.000000	0.000000	0.000000
q7900	0.000000	0.000000	0.000000	0.000000
q7901	0.000000	0.000000	0.000000	0.000000
q7902	0.000000	0.000000	0.000000	0.000000
q7903	0.000000	0.000000	0.000000	0.000000
q7904	0.000000	0.000000	0.000000	0.000000
q7905	0.000000	0.000000	0.000000	0.000000
q7906	0.000000	0.000000	0.000000	0.000000
q7907	0.000000	0.000000	0.000000	0.000000
q7908	0.000000	0.000000	0.000000	0.000000
q7909	0.000000	0.000000	0.000000	0.000000
q7910	0.000000	0.000000	0.000000	0.000000
q7911	0.000000	0.000000	0.000000	0.000000
q7912	0.000000	0.000000	0.000000	0.000000
q7913	0.000000	0.000000	0.000000	0.000000
q7914	0.000000	0.000000	0.000000	0.000000
q7915	0.000000	0.000000	0.000000	0.000000
q7916	0.000000	0.000000	0.000000	0.000000
q7917	0.000000	0.000000	0.000000	0.000000
q7918	0.000000	0.000000	0.000000	0.000000
q7919	0.000000	0.000000	0.000000	0.000000
q7920	0.000000	0.000000	0.000000	0.000000
q7921	0.000000	0.000000	0.000000	0.000000
q7922	0.356207	0.356207	0.356207	0.356207
q7923	0.000000	0.000000	0.000000	0.000000
q7924	1.000000	1.000000	1.000000	1.000000
q7925	0.356207	0.356207	0.356207	0.356207
q7926	0.000000	0.000000	0.000000	0.000000
q7927	0.000000	0.000000	0.000000	0.000000
q7928	0.000000	0.000000	0.000000	0.000000
q7929	0.000000	0.000000	0.000000	0.000000
q7930	0.000000	0.000000	0.000000	0.000000
q7931	0.000000	0.000000	0.000000	0.000000
q7932	0.315465	0.315465	0.315465	0.315465
q7933	0.386853	0.386853	0.386853	0.386853
q7934	0.000000	0.000000	0.000000	0.000000
q7935	0.000000	0.000000	0.000000	0.000000
q7936	0.000000	0.000000	0.000000	0.000000
q7937	0.000000	0.000000	0.000000	0.000000
q7938	0.000000	0.000000	0.000000	0.000000
q7939	0.000000	0.000000	0.000000	0.000000
q7940	0.430677	0.430677	0.430677	0.430677
q7941	0.000000	0.000000	0.000000	0.000000
q7942	0.000000	0.000000	0.000000	0.000000
q7943	0.000000	0.000000	0.000000	0.000000
q7944	0.000000	0.000000	0.000000	0.000000
q7945	0.000000	0.000000	0.000000	0.000000
q7946	0.000000	0.000000	0.000000	0.000000
q7947	0.000000	0.000000	0.000000	0.000000
q7948	0.000000	0.000000	0.000000	0.000000
q7949	0.000000	0.000000	0.000000	0.000000
q7950	0.000000	0.000000	0.000000	0.000000
q7951	0.333333	0.333333	0.333333	0.333333
q7952	0.000000	0.000000	0.000000	0.000000
q7953	0.000000	0.000000	0.000000	0.000000
q7954	0.000000	0.000000	0.000000	0.000000
q7955	0.000000	0.000000	0.000000	0.000000
q7956	0.000000	0.000000	0.000000	0.000000
q7957	0.000000	0.000000	0.000000	0.000000
q7958	0.000000	0.000000	0.000000	0.000000
q7959	0.000000	0.000000	0.000000	0.000000
q7960	1.000000	1.000000	1.000000	1.000000
q7961	0.000000	0.000000	0.000000	0.000000
q7962	0.000000	0.000000	0.000000	0.000000
q7963	0.000000	0.000000	0.000000	0.000000
q7964	0.000000	0.000000	0.000000	0.000000
q7965	0.000000	0.000000	0.000000	0.000000
q7966	0.000000	0.000000	0.000000	0.000000
q7967	0.000000	0.000000	0.000000	0.000000
q7968	0.000000	0.000000	0.000000	0.000000
q7969	0.430677	0.430677	0.430677	0.430677
q7970	0.000000	0.000000	0.000000	0.000000
q7971	0.000000	0.000000	0.000000	0.000000
q7972	0.000000	0.000000	0.000000	0.000000
q7973	0.000000	0.000000	0.000000	0.000000
q7974	0.000000	0.000000	0.000000	0.000000
q7975	0.289065	0.289065	0.289065	0.289065
q7976	0.000000	0.000000	0.000000	0.000000
q7977	0.000000	0.000000	0.000000	0.000000
q7978	0.000000	0.000000	0.000000	0.000000
q7979	1.000000	1.000000	1.000000	1.000000
q7980	0.000000	0.000000	0.000000	0.000000
q7981	0.000000	0.000000	0.000000	0.000000
q7982	0.000000	0.000000	0.000000	0.000000
q7983	0.000000	0.000000	0.000000	0.000000
q7984	0.000000	0.000000	0.000000	0.000000
q7985	0.000000	0.000000	0.000000	0.000000
q7986	0.000000	0.000000	0.000000	0.000000
q7987	0.000000	0.000000	0.000000	0.000000
q7988	0.000000	0.000000	0.000000	0.000000
q7989	1.000000	1.000000	1.000000	1.000000
q7990	0.000000	0.000000	0.000000	0.000000
q7991	0.000000	0.000000	0.000000	0.000000
q7992	0.000000	0.000000	0.000000	0.000000
q7993	0.000000	0.000000	0.000000	0.000000
q7994	0.000000	0.000000	0.000000	0.000000
q7995	0.000000	0.000000	0.000000	0.000000
q7996	0.000000	0.000000	0.000000	0.000000
q7997	0.000000	0.000000	0.000000	0.000000
q7998	0.000000	0.000000	0.000000	0.000000
q7999	0.000000	0.000000	0.000000	0.000000
q8000	0.000000	0.000000	0.000000	0.000000
q8001	0.000000	0.000000	0.000000	0.000000
q8002	0.000000	0.000000	0.000000	0.000000
q8003	0.000000	0.000000	0.000000	0.000000
q8004	0.000000	0.000000	0.000000	0.000000
q8005	0.000000	0.000000	0.000000	0.000000
q8006	0.000000	0.000000	0.000000	0.000000
q8007	0.000000	0.000000	0.000000	0.000000
q8008	0.000000	0.000000	0.000000	0.000000
q8009	0.000000	0.000000	0.000000	0.000000
q8010	0.000000	0.000000	0.000000	0.000000
q8011	0.000000	0.000000	0.000000	0.000000
q8012	0.000000	0.000000	0.000000	0.000000
q8013	0.000000	0.000000	0.000000	0.000000
q8014	0.000000	0.000000	0.000000	0.000000
q8015	0.000000	0.000000	0.000000	0.000000
q8016	0.000000	0.000000	0.000000	0.000000
q8017	0.000000	0.000000	0.000000	0.000000
q8018	0.000000	0.000000	0.000000	0.000000
q8019	0.000000	0.000000	0.000000	0.000000
q8020	0.000000	0.000000	0.000000	0.000000
q8021	0.000000	0.000000	0.000000	0.000000
q8022	0.000000	0.000000	0.000000	0.000000
q8023	1.000000	1.000000	1.000000	1.000000
q8024	0.000000	0.000000	0.000000	0.000000
q8025	0.000000	0.000000	0.000000	0.000000
q8026	0.000000	0.000000	0.000000	0.000000
q8027	0.000000	0.000000	0.000000	0.000000
q8028	0.000000	0.000000	0.000000	0.000000
q8029	0.000000	0.000000	0.000000	0.000000
q8030	0.000000	0.000000	0.000000	0.000000
q8031	1.000000	1.000000	1.000000	1.000000
q8032	0.000000	0.000000	0.000000	0.000000
q8033	0.000000	0.000000	0.000000	0.000000
q8034	0.000000	0.000000	0.000000	0.000000
q8035	0.000000	0.000000	0.000000	0.000000
q8036	0.000000	0.000000	0.000000	0.000000
q8037	0.000000	0.000000	0.000000	0.000000
q8038	0.000000	0.000000	0.000000	0.000000
q8039	0.000000	0.000000	0.000000	0.000000
q8040	0.000000	0.000000	0.000000	0.000000
q8041	0.000000	0.000000	0.000000	0.000000
q8042	0.000000	0.000000	0.000000	0.000000
q8043	0.000000	0.000000	0.000000	0.000000
q8044	0.000000	0.000000	0.000000	0.000000
q8045	0.000000	0.000000	0.000000	0.000000
q8046	0.000000	0.000000	0.000000	0.000000
q8047	0.000000	0.000000	0.000000	0.000000
q8048	0.000000	0.000000	0.000000	0.000000
q8049	0.000000	0.000000	0.000000	0.000000
q8050	0.000000	0.000000	0.000000	0.000000
q8051	0.000000	0.000000	0.000000	0.000000
q8052	0.000000	0.000000	0.000000	0.000000
q8053	0.000000	0.000000	0.000000	0.000000
q8054	0.000000	0.000000	0.000000	0.000000
q8055	0.000000	0.000000	0.000000	0.000000
q8056	0.000000	0.000000	0.000000	0.000000
q8057	0.000000	0.000000	0.000000	0.000000
q8058	0.000000	0.000000	0.000000	0.000000
q8059	0.000000	0.000000	0.000000	0.000000
q8060	0.000000	0.000000	0.000000	0.000000
q8061	0.000000	0.000000	0.000000	0.000000
q8062	1.000000	1.000000	1.000000	1.000000
q8063	0.000000	0.000000	0.000000	0.000000
q8064	1.000000	1.000000	1.000000	1.000000
q8065	0.000000	0.000000	0.000000	0.000000
q8066	0.000000	0.000000	0.000000	0.000000
q8067	0.500000	0.500000	0.500000	0.500000
q8068	0.000000	0.000000	0.000000	0.000000
q8069	0.000000	0.000000	0.000000	0.000000
q8070	0.000000	0.000000	0.000000	0.000000
q8071	0.000000	0.000000	0.000000	0.000000
q8072	0.000000	0.000000	0.000000	0.000000
q8073	0.000000	0.000000	0.000000	0.000000
q8074	0.000000	0.000000	0.000000	0.000000
q8075	0.000000	0.000000	0.000000	0.000000
q8076	0.000000	0.000000	0.000000	0.000000
q8077	0.000000	0.000000	0.000000	0.000000
q8078	0.000000	0.000000	0.000000	0.000000
q8079	0.000000	0.000000	0.000000	0.000000
q8080	0.000000	0.000000	0.000000	0.000000
q8081	0.000000	0.000000	0.000000	0.000000
q8082	0.315465	0.315465	0.315465	0.315465
q8083	0.500000	0.500000	0.500000	0.500000
q8084	0.000000	0.000000	0.000000	0.000000
q8085	0.000000	0.000000	0.000000	0.000000
q8086	0.000000	0.000000	0.000000	0.000000
q8087	0.000000	0.000000	0.000000	0.000000
q8088	0.000000	0.000000	0.000000	0.000000
q8089	0.000000	0.000000	0.000000	0.000000
q8090	0.000000	0.000000	0.000000	0.000000
q8091	0.000000	0.000000	0.000000	0.000000
q8092	0.000000	0.000000	0.000000	0.000000
q8093	0.000000	0.000000	0.000000	0.000000
q8094	0.000000	0.000000	0.000000	0.000000
q8095	0.000000	0.000000	0.000000	0.000000
q8096	0.000000	0.000000	0.000000	0.000000
q8097	0.000000	0.000000	0.000000	0.000000
q8098	0.000000	0.000000	0.000000	0.000000
q8099	0.000000	0.000000	0.000000	0.000000
q8100	0.000000	0.000000	0.000000	0.000000
q8101	0.000000	0.000000	0.000000	0.000000
q8102	0.000000	0.000000	0.000000	0.000000
q8103	0.000000	0.000000	0.000000	0.000000
q8104	0.000000	0.000000	0.000000	0.000000
q8105	0.000000	0.000000	0.000000	0.000000
q8106	0.000000	0.000000	0.000000	0.000000
q8107	1.000000	1.000000	1.000000	1.000000
q8108	0.000000	0.000000	0.000000	0.000000
q8109	0.000000	0.000000	0.000000	0.000000
q8110	0.000000	0.000000	0.000000	0.000000
q8111	0.000000	0.000000	0.000000	0.000000
q8112	0.000000	0.000000	0.000000	0.000000
q8113	0.430677	0.430677	0.430677	0.430677
q8114	0.289065	0.289065	0.289065	0.289065
q8115	0.000000	0.000000	0.000000	0.000000
q8116	0.000000	0.000000	0.000000	0.000000
q8117	0.000000	0.000000	0.000000	0.000000
q8118	0.500000	0.500000	0.500000	0.500000
q8119	0.000000	0.000000	0.000000	0.000000
q8120	0.000000	0.000000	0.000000	0.000000
q8121	0.000000	0.000000	0.000000	0.000000
q8122	0.000000	0.000000	0.000000	0.000000
q8123	0.000000	0.000000	0.000000	0.000000
q8124	0.000000	0.000000	0.000000	0.000000
q8125	0.000000	0.000000	0.000000	0.000000
q8126	0.000000	0.000000	0.000000	0.000000
q8127	0.000000	0.000000	0.000000	0.000000
q8128	0.000000	0.000000	0.000000	0.000000
q8129	0.000000	0.000000	0.000000	0.000000
q8130	0.000000	0.000000	0.000000	0.000000
q8131	0.000000	0.000000	0.000000	0.000000
q8132	0.500000	0.500000	0.500000	0.500000
q8133	0.000000	0.000000	0.000000	0.000000
q8134	0.000000	0.000000	0.000000	0.000000
q8135	0.000000	0.000000	0.000000	0.000000
q8136	0.000000	0.000000	0.000000	0.000000
q8137	1.000000	1.000000	1.000000	1.000000
q8138	0.000000	0.000000	0.000000	0.000000
q8139	0.000000	0.000000	0.000000	0.000000
q8140	0.000000	0.000000	0.000000	0.000000
q8141	0.000000	0.000000	0.000000	0.000000
q8142	0.000000	0.000000	0.000000	0.000000
q8143	0.000000	0.000000	0.000000	0.000000
q8144	0.000000	0.000000	0.000000	0.000000
q8145	0.301030	0.301030	0.301030	0.301030
q8146	0.000000	0.000000	0.000000	0.000000
q8147	0.000000	0.000000	0.000000	0.000000
q8148	0.315465	0.315465	0.315465	0.315465
q8149	0.000000	0.000000	0.000000	0.000000
q8150	0.000000	0.000000	0.000000	0.000000
q8151	0.000000	0.000000	0.000000	0.000000
q8152	0.356207	0.356207	0.356207	0.356207
q8153	0.000000	0.000000	0.000000	0.000000
q8154	0.430677	0.430677	0.430677	0.430677
q8155	0.289065	0.289065	0.289065	0.289065
q8156	0.000000	0.000000	0.000000	0.000000
q8157	0.000000	0.000000	0.000000	0.000000
q8158	0.315465	0.315465	0.315465	0.315465
q8159	0.000000	0.000000	0.000000	0.000000
q8160	0.500000	0.500000	0.500000	0.500000
q8161	0.000000	0.000000	0.000000	0.000000
q8162	0.000000	0.000000	0.000000	0.000000
q8163	0.000000	0.000000	0.000000	0.000000
q8164	0.000000	0.000000	0.000000	0.000000
q8165	0.000000	0.000000	0.000000	0.000000
q8166	0.000000	0.000000	0.000000	0.000000
q8167	0.000000	0.000000	0.000000	0.000000
q8168	0.000000	0.000000	0.000000	0.000000
q8169	0.000000	0.000000	0.000000	0.000000
q8170	0.000000	0.000000	0.000000	0.000000
q8171	1.000000	1.000000	1.000000	1.000000
q8172	0.000000	0.000000	0.000000	0.000000
q8173	0.000000	0.000000	0.000000	0.000000
q8174	0.000000	0.000000	0.000000	0.000000
q8175	0.000000	0.000000	0.000000	0.000000
q8176	0.000000	0.000000	0.000000	0.000000
q8177	0.000000	0.000000	0.000000	0.000000
q8178	0.000000	0.000000	0.000000	0.000000
q8179	1.000000	1.000000	1.000000	1.000000
q8180	0.000000	0.000000	0.000000	0.000000
q8181	0.289065	0.289065	0.289065	0.289065
q8182	0.000000	0.000000	0.000000	0.000000
q8183	0.000000	0.000000	0.000000	0.000000
q8184	0.000000	0.000000	0.000000	0.000000
q8185	0.430677	0.430677	0.430677	0.430677
q8186	0.000000	0.000000	0.000000	0.000000
q8187	0.000000	0.000000	0.000000	0.000000
q8188	0.000000	0.000000	0.000000	0.000000
q8189	0.000000	0.000000	0.000000	0.000000
q8190	0.000000	0.000000	0.000000	0.000000
q8191	0.000000	0.000000	0.000000	0.000000
q8192	0.000000	0.000000	0.000000	0.000000
q8193	0.000000	0.000000	0.000000	0.000000
q8194	0.000000	0.000000	0.000000	0.000000
q8195	0.000000	0.000000	0.000000	0.000000
q8196	0.000000	0.000000	0.000000	0.000000
q8197	0.000000	0.000000	0.000000	0.000000
q8198	0.386853	0.386853	0.386853	0.386853
q8199	0.000000	0.000000	0.000000	0.000000
q8200	0.000000	0.000000	0.000000	0.000000
q8201	0.000000	0.000000	0.000000	0.000000
q8202	0.000000	0.000000	0.000000	0.000000
q8203	0.000000	0.000000	0.000000	0.000000
q8204	0.000000	0.000000	0.000000	0.000000
q8205	0.000000	0.000000	0.000000	0.000000
q8206	0.000000	0.000000	0.000000	0.000000
q8207	0.000000	0.000000	0.000000	0.000000
q8208	0.289065	0.289065	0.289065	0.289065
q8209	0.000000	0.000000	0.000000	0.000000
q8210	0.000000	0.000000	0.000000	0.000000
q8211	0.000000	0.000000	0.000000	0.000000
q8212	0.000000	0.000000	0.000000	0.000000
q8213	0.000000	0.000000	0.000000	0.000000
q8214	0.000000	0.000000	0.000000	0.000000
q8215	0.301030	0.301030	0.301030	0.301030
q8216	0.000000	0.000000	0.000000	0.000000
q8217	0.000000	0.000000	0.000000	0.000000
q8218	0.000000	0.000000	0.000000	0.000000
q8219	0.000000	0.000000	0.000000	0.000000
q8220	0.356207	0.356207	0.356207	0.356207
q8221	0.289065	0.289065	0.289065	0.289065
q8222	0.386853	0.386853	0.386853	0.386853
q8223	0.000000	0.000000	0.000000	0.000000
q8224	0.000000	0.000000	0.000000	0.000000
q8225	0.000000	0.000000	0.000000	0.000000
q8226	0.000000	0.000000	0.000000	0.000000
q8227	1.000000	1.000000	1.000000	1.000000
q8228	0.000000	0.000000	0.000000	0.000000
q8229	0.000000	0.000000	0.000000	0.000000
q8230	0.000000	0.000000	0.000000	0.000000
q8231	0.315465	0.315465	0.315465	0.315465
q8232	0.000000	0.000000	0.000000	0.000000
q8233	0.000000	0.000000	0.000000	0.000000
q8234	0.000000	0.000000	0.000000	0.000000
q8235	0.000000	0.000000	0.000000	0.000000
q8236	0.630930	0.630930	0.630930	0.630930
q8237	0.000000	0.000000	0.000000	0.000000
q8238	0.000000	0.000000	0.000000	0.000000
q8239	0.000000	0.000000	0.000000	0.000000
q8240	1.000000	1.000000	1.000000	1.000000
q8241	0.630930	0.630930	0.630930	0.630930
q8242	0.000000	0.000000	0.000000	0.000000
q8243	0.000000	0.000000	0.000000	0.000000
q8244	0.000000	0.000000	0.000000	0.000000
q8245	0.000000	0.000000	0.000000	0.000000
q8246	0.000000	0.000000	0.000000	0.000000
q8247	0.000000	0.000000	0.000000	0.000000
q8248	0.000000	0.000000	0.000000	0.000000
q8249	0.000000	0.000000	0.000000	0.000000
q8250	0.000000	0.000000	0.000000	0.000000
q8251	0.000000	0.000000	0.000000	0.000000
q8252	0.000000	0.000000	0.000000	0.000000
q8253	0.000000	0.000000	0.000000	0.000000
q8254	0.500000	0.500000	0.500000	0.500000
q8255	0.000000	0.000000	0.000000	0.000000
q8256	0.000000	0.000000	0.000000	0.000000
q8257	0.000000	0.000000	0.000000	0.000000
q8258	0.356207	0.356207	0.356207	0.356207
q8259	0.430677	0.430677	0.430677	0.430677
q8260	0.500000	0.500000	0.500000	0.500000
q8261	0.000000	0.000000	0.000000	0.000000
q8262	0.000000	0.000000	0.000000	0.000000
q8263	0.000000	0.000000	0.000000	0.000000
q8264	0.315465	0.315465	0.315465	0.315465
q8265	0.000000	0.000000	0.000000	0.000000
q8266	0.000000	0.000000	0.000000	0.000000
q8267	0.000000	0.000000	0.000000	0.000000
q8268	0.000000	0.000000	0.000000	0.000000
q8269	0.000000	0.000000	0.000000	0.000000
q8270	0.000000	0.000000	0.000000	0.000000
q8271	0.000000	0.000000	0.000000	0.000000
q8272	0.000000	0.000000	0.000000	0.000000
q8273	0.000000	0.000000	0.000000	0.000000
q8274	0.000000	0.000000	0.000000	0.000000
q8275	0.000000	0.000000	0.000000	0.000000
q8276	0.000000	0.000000	0.000000	0.000000
q8277	0.000000	0.000000	0.000000	0.000000
q8278	0.000000	0.000000	0.000000	0.000000
q8279	0.356207	0.356207	0.356207	0.356207
q8280	0.000000	0.000000	0.000000	0.000000
q8281	0.000000	0.000000	0.000000	0.000000
q8282	0.000000	0.000000	0.000000	0.000000
q8283	0.000000	0.000000	0.000000	0.000000
q8284	0.000000	0.000000	0.000000	0.000000
q8285	1.000000	1.000000	1.000000	1.000000
q8286	0.000000	0.000000	0.000000	0.000000
q8287	0.000000	0.000000	0.000000	0.000000
q8288	0.000000	0.000000	0.000000	0.000000
q8289	0.000000	0.000000	0.000000	0.000000
q8290	0.000000	0.000000	0.000000	0.000000
q8291	0.000000	0.000000	0.000000	0.000000
q8292	1.000000	1.000000	1.000000	1.000000
q8293	0.000000	0.000000	0.000000	0.000000
q8294	0.000000	0.000000	0.000000	0.000000
q8295	0.000000	0.000000	0.000000	0.000000
q8296	0.000000	0.000000	0.000000	0.000000
q8297	1.000000	1.000000	1.000000	1.000000
q8298	0.000000	0.000000	0.000000	0.000000
q8299	0.000000	0.000000	0.000000	0.000000
q8300	0.000000	0.000000	0.000000	0.000000
q8301	0.000000	0.000000	0.000000	0.000000
q8302	0.000000	0.000000	0.000000	0.000000
q8303	0.000000	0.000000	0.000000	0.000000
q8304	0.000000	0.000000	0.000000	0.000000
q8305	0.500000	0.500000	0.500000	0.500000
q8306	0.000000	0.000000	0.000000	0.000000
q8307	0.356207	0.356207	0.356207	0.356207
q8308	0.000000	0.000000	0.000000	0.000000
q8309	0.000000	0.000000	0.000000	0.000000
q8310	0.000000	0.000000	0.000000	0.000000
q8311	0.000000	0.000000	0.000000	0.000000
q8312	0.000000	0.000000	0.000000	0.000000
q8313	0.000000	0.000000	0.000000	0.000000
q8314	0.000000	0.000000	0.000000	0.000000
q8315	0.000000	0.000000	0.000000	0.000000
q8316	0.000000	0.000000	0.000000	0.000000
q8317	0.000000	0.000000	0.000000	0.000000
q8318	0.630930	0.630930	0.630930	0.630930
q8319	0.000000	0.000000	0.000000	0.000000
q8320	0.000000	0.000000	0.000000	0.000000
q8321	0.000000	0.000000	0.000000	0.000000
q8322	0.000000	0.000000	0.000000	0.000000
q8323	0.000000	0.000000	0.000000	0.000000
q8324	0.000000	0.000000	0.000000	0.000000
q8325	0.000000	0.000000	0.000000	0.000000
q8326	0.000000	0.000000	0.000000	0.000000
q8327	0.630930	0.630930	0.630930	0.630930
q8328	0.000000	0.000000	0.000000	0.000000
q8329	0.000000	0.000000	0.000000	0.000000
q8330	0.000000	0.000000	0.000000	0.000000
q8331	0.000000	0.000000	0.000000	0.000000
q8332	0.289065	0.289065	0.289065	0.289065
q8333	0.000000	0.000000	0.000000	0.000000
q8334	1.000000	1.000000	1.000000	1.000000
q8335	0.000000	0.000000	0.000000	0.000000
q8336	0.000000	0.000000	0.000000	0.000000
q8337	1.000000	1.000000	1.000000	1.000000
q8338	0.000000	0.000000	0.000000	0.000000
q8339	0.000000	0.000000	0.000000	0.000000
q8340	0.000000	0.000000	0.000000	0.000000
q8341	0.000000	0.000000	0.000000	0.000000
q8342	0.000000	0.000000	0.000000	0.000000
q8343	0.000000	0.000000	0.000000	0.000000
q8344	0.000000	0.000000	0.000000	0.000000
q8345	0.000000	0.000000	0.000000	0.000000
q8346	0.000000	0.000000	0.000000	0.000000
q8347	0.000000	0.000000	0.000000	0.000000
q8348	0.000000	0.000000	0.000000	0.000000
q8349	0.000000	0.000000	0.000000	0.000000
q8350	0.000000	0.000000	0.000000	0.000000
q8351	0.000000	0.000000	0.000000	0.000000
q8352	0.000000	0.000000	0.000000	0.000000
q8353	0.315465	0.315465	0.315465	0.315465
q8354	0.630930	0.630930	0.630930	0.630930
q8355	0.430677	0.430677	0.430677	0.430677
q8356	0.356207	0.356207	0.356207	0.356207
q8357	0.000000	0.000000	0.000000	0.000000
q8358	0.000000	0.000000	0.000000	0.000000
q8359	0.000000	0.000000	0.000000	0.000000
q8360	0.000000	0.000000	0.000000	0.000000
q8361	0.000000	0.000000	0.000000	0.000000
q8362	0.000000	0.000000	0.000000	0.000000
q8363	0.000000	0.000000	0.000000	0.000000
q8364	0.000000	0.000000	0.000000	0.000000
q8365	0.000000	0.000000	0.000000	0.000000
q8366	0.000000	0.000000	0.000000	0.000000
q8367	0.000000	0.000000	0.000000	0.000000
q8368	0.500000	0.500000	0.500000	0.500000
q8369	0.000000	0.000000	0.000000	0.000000
q8370	0.386853	0.386853	0.386853	0.386853
q8371	0.000000	0.000000	0.000000	0.000000
q8372	0.000000	0.000000	0.000000	0.000000
q8373	0.000000	0.000000	0.000000	0.000000
q8374	0.000000	0.000000	0.000000	0.000000
q8375	0.000000	0.000000	0.000000	0.000000
q8376	0.000000	0.000000	0.000000	0.000000
q8377	0.000000	0.000000	0.000000	0.000000
q8378	0.000000	0.000000	0.000000	0.000000
q8379	0.630930	0.630930	0.630930	0.630930
q8380	0.000000	0.000000	0.000000	0.000000
q8381	0.000000	0.000000	0.000000	0.000000
q8382	0.000000	0.000000	0.000000	0.000000
q8383	0.000000	0.000000	0.000000	0.000000
q8384	0.000000	0.000000	0.000000	0.000000
q8385	0.000000	0.000000	0.000000	0.000000
q8386	0.000000	0.000000	0.000000	0.000000
q8387	0.430677	0.430677	0.430677	0.430677
q8388	0.000000	0.000000	0.000000	0.000000
q8389	0.000000	0.000000	0.000000	0.000000
q8390	0.315465	0.315465	0.315465	0.315465
q8391	0.000000	0.000000	0.000000	0.000000
q8392	0.000000	0.000000	0.000000	0.000000
q8393	0.356207	0.356207	0.356207	0.356207
q8394	0.000000	0.000000	0.000000	0.000000
q8395	0.000000	0.000000	0.000000	0.000000
q8396	0.000000	0.000000	0.000000	0.000000
q8397	0.000000	0.000000	0.000000	0.000000
q8398	0.000000	0.000000	0.000000	0.000000
q8399	0.000000	0.000000	0.000000	0.000000
q8400	0.000000	0.000000	0.000000	0.000000
q8401	0.386853	0.386853	0.386853	0.386853
q8402	1.000000	1.000000	1.000000	1.000000
q8403	0.000000	0.000000	0.000000	0.000000
q8404	0.000000	0.000000	0.000000	0.000000
q8405	0.000000	0.000000	0.000000	0.000000
q8406	0.000000	0.000000	0.000000	0.000000
q8407	0.000000	0.000000	0.000000	0.000000
q8408	0.301030	0.301030	0.301030	0.301030
q8409	0.000000	0.000000	0.000000	0.000000
q8410	0.000000	0.000000	0.000000	0.000000
q8411	0.000000	0.000000	0.000000	0.000000
q8412	0.000000	0.000000	0.000000	0.000000
q8413	0.000000	0.000000	0.000000	0.000000
q8414	0.000000	0.000000	0.000000	0.000000
q8415	0.000000	0.000000	0.000000	0.000000
q8416	0.000000	0.000000	0.000000	0.000000
q8417	0.000000	0.000000	0.000000	0.000000
q8418	0.000000	0.000000	0.000000	0.000000
q8419	1.000000	1.000000	1.000000	1.000000
q8420	0.000000	0.000000	0.000000	0.000000
q8421	0.000000	0.000000	0.000000	0.000000
q8422	0.000000	0.000000	0.000000	0.000000
q8423	0.289065	0.289065	0.289065	0.289065
q8424	1.000000	1.000000	1.000000	1.000000
q8425	1.000000	1.000000	1.000000	1.000000
q8426	0.000000	0.000000	0.000000	0.000000
q8427	0.000000	0.000000	0.000000	0.000000
q8428	0.000000	0.000000	0.000000	0.000000
q8429	0.000000	0.000000	0.000000	0.000000
q8430	0.000000	0.000000	0.000000	0.000000
q8431	0.000000	0.000000	0.000000	0.000000
q8432	0.000000	0.000000	0.000000	0.000000
q8433	0.000000	0.000000	0.000000	0.000000
q8434	1.000000	1.000000	1.000000	1.000000
q8435	0.000000	0.000000	0.000000	0.000000
q8436	0.000000	0.000000	0.000000	0.000000
q8437	0.000000	0.000000	0.000000	0.000000
q8438	0.000000	0.000000	0.000000	0.000000
q8439	0.000000	0.000000	0.000000	0.000000
q8440	1.000000	1.000000	1.000000	1.000000
q8441	0.000000	0.000000	0.000000	0.000000
q8442	0.000000	0.000000	0.000000	0.000000
q8443	0.000000	0.000000	0.000000	0.000000
q8444	0.000000	0.000000	0.000000	0.000000
q8445	0.000000	0.000000	0.000000	0.000000
q8446	0.000000	0.000000	0.000000	0.000000
q8447	0.000000	0.000000	0.000000	0.000000
q8448	0.000000	0.000000	0.000000	0.000000
q8449	0.000000	0.000000	0.000000	0.000000
q8450	0.000000	0.000000	0.000000	0.000000
q8451	0.000000	0.000000	0.000000	0.000000
q8452	0.000000	0.000000	0.000000	0.000000
q8453	0.000000	0.000000	0.000000	0.000000
q8454	0.000000	0.000000	0.000000	0.000000
q8455	0.000000	0.000000	0.000000	0.000000
q8456	0.000000	0.000000	0.000000	0.000000
q8457	0.000000	0.000000	0.000000	0.000000
q8458	0.000000	0.000000	0.000000	0.000000
q8459	0.000000	0.000000	0.000000	0.000000
q8460	0.315465	0.315465	0.315465	0.315465
q8461	0.000000	0.000000	0.000000	0.000000
q8462	0.500000	0.500000	0.500000	0.500000
q8463	0.000000	0.000000	0.000000	0.000000
q8464	0.430677	0.430677	0.430677	0.430677
q8465	0.000000	0.000000	0.000000	0.000000
q8466	0.000000	0.000000	0.000000	0.000000
q8467	0.000000	0.000000	0.000000	0.000000
q8468	0.000000	0.000000	0.000000	0.000000
q8469	0.000000	0.000000	0.000000	0.000000
q8470	0.000000	0.000000	0.000000	0.000000
q8471	0.386853	0.386853	0.386853	0.386853
q8472	0.000000	0.000000	0.000000	0.000000
q8473	0.000000	0.000000	0.000000	0.000000
q8474	0.000000	0.000000	0.000000	0.000000
q8475	0.000000	0.000000	0.000000	0.000000
q8476	0.000000	0.000000	0.000000	0.000000
q8477	0.000000	0.000000	0.000000	0.000000
q8478	0.000000	0.000000	0.000000	0.000000
q8479	1.000000	1.000000	1.000000	1.000000
q8480	0.000000	0.000000	0.000000	0.000000
q8481	0.000000	0.000000	0.000000	0.000000
q8482	0.000000	0.000000	0.000000	0.000000
q8483	0.000000	0.000000	0.000000	0.000000
q8484	0.000000	0.000000	0.000000	0.000000
q8485	0.000000	0.000000	0.000000	0.000000
q8486	0.386853	0.386853	0.386853	0.386853
q8487	0.000000	0.000000	0.000000	0.000000
q8488	0.315465	0.315465	0.315465	0.315465
q8489	0.000000	0.000000	0.000000	0.000000
q8490	0.000000	0.000000	0.000000	0.000000
q8491	0.000000	0.000000	0.000000	0.000000
q8492	0.000000	0.000000	0.000000	0.000000
q8493	0.000000	0.000000	0.000000	0.000000
q8494	0.000000	0.000000	0.000000	0.000000
q8495	0.000000	0.000000	0.000000	0.000000
q8496	0.301030	0.301030	0.301030	0.301030
q8497	0.000000	0.000000	0.000000	0.000000
q8498	0.000000	0.000000	0.000000	0.000000
q8499	1.000000	1.000000	1.000000	1.000000
q8500	0.000000	0.000000	0.000000	0.000000
q8501	0.000000	0.000000	0.000000	0.000000
q8502	0.333333	0.333333	0.333333	0.333333
q8503	0.000000	0.000000	0.000000	0.000000
q8504	0.386853	0.386853	0.386853	0.386853
q8505	0.000000	0.000000	0.000000	0.000000
q8506	0.000000	0.000000	0.000000	0.000000
q8507	0.000000	0.000000	0.000000	0.000000
q8508	0.000000	0.000000	0.000000	0.000000
q8509	0.000000	0.000000	0.000000	0.000000
q8510	0.000000	0.000000	0.000000	0.000000
q8511	0.000000	0.000000	0.000000	0.000000
q8512	0.000000	0.000000	0.000000	0.000000
q8513	0.000000	0.000000	0.000000	0.000000
q8514	0.000000	0.000000	0.000000	0.000000
q8515	0.000000	0.000000	0.000000	0.000000
q8516	0.000000	0.000000	0.000000	0.000000
q8517	0.500000	0.500000	0.500000	0.500000
q8518	1.000000	1.000000	1.000000	1.000000
q8519	0.000000	0.000000	0.000000	0.000000
q8520	0.000000	0.000000	0.000000	0.000000
q8521	0.000000	0.000000	0.000000	0.000000
q8522	0.000000	0.000000	0.000000	0.000000
q8523	0.000000	0.000000	0.000000	0.000000
q8524	0.000000	0.000000	0.000000	0.000000
q8525	0.000000	0.000000	0.000000	0.000000
q8526	1.000000	1.000000	1.000000	1.000000
q8527	0.500000	0.500000	0.500000	0.500000
q8528	0.000000	0.000000	0.000000	0.000000
q8529	0.000000	0.000000	0.000000	0.000000
q8530	0.000000	0.000000	0.000000	0.000000
q8531	0.000000	0.000000	0.000000	0.000000
q8532	0.630930	0.630930	0.630930	0.630930
q8533	0.000000	0.000000	0.000000	0.000000
q8534	1.000000	1.000000	1.000000	1.000000
q8535	0.000000	0.000000	0.000000	0.000000
q8536	0.000000	0.000000	0.000000	0.000000
q8537	0.000000	0.000000	0.000000	0.000000
q8538	0.000000	0.000000	0.000000	0.000000
q8539	0.000000	0.000000	0.000000	0.000000
q8540	0.000000	0.000000	0.000000	0.000000
q8541	0.000000	0.000000	0.000000	0.000000
q8542	0.000000	0.000000	0.000000	0.000000
q8543	0.000000	0.000000	0.000000	0.000000
q8544	0.000000	0.000000	0.000000	0.000000
q8545	0.000000	0.000000	0.000000	0.000000
q8546	0.000000	0.000000	0.000000	0.000000
q8547	0.000000	0.000000	0.000000	0.000000
q8548	0.000000	0.000000	0.000000	0.000000
q8549	0.630930	0.630930	0.630930	0.630930
q8550	0.000000	0.000000	0.000000	0.000000
q8551	0.000000	0.000000	0.000000	0.000000
q8552	0.000000	0.000000	0.000000	0.000000
q8553	0.000000	0.000000	0.000000	0.000000
q8554	0.000000	0.000000	0.000000	0.000000
q8555	0.000000	0.000000	0.000000	0.000000
q8556	0.000000	0.000000	0.000000	0.000000
q8557	0.000000	0.000000	0.000000	0.000000
q8558	0.000000	0.000000	0.000000	0.000000
q8559	0.000000	0.000000	0.000000	0.000000
q8560	0.356207	0.356207	0.356207	0.356207
q8561	0.000000	0.000000	0.000000	0.000000
q8562	0.000000	0.000000	0.000000	0.000000
q8563	0.000000	0.000000	0.000000	0.000000
q8564	0.000000	0.000000	0.000000	0.000000
q8565	0.000000	0.000000	0.000000	0.000000
q8566	0.000000	0.000000	0.000000	0.000000
q8567	0.000000	0.000000	0.000000	0.000000
q8568	0.000000	0.000000	0.000000	0.000000
q8569	0.000000	0.000000	0.000000	0.000000
q8570	0.000000	0.000000	0.000000	0.000000
q8571	0.000000	0.000000	0.000000	0.000000
q8572	0.000000	0.000000	0.000000	0.000000
q8573	0.000000	0.000000	0.000000	0.000000
q8574	0.333333	0.333333	0.333333	0.333333
q8575	0.301030	0.301030	0.301030	0.301030
q8576	0.000000	0.000000	0.000000	0.000000
q8577	0.000000	0.000000	0.000000	0.000000
q8578	0.000000	0.000000	0.000000	0.000000
q8579	1.000000	1.000000	1.000000	1.000000
q8580	0.000000	0.000000	0.000000	0.000000
q8581	0.000000	0.000000	0.000000	0.000000
q8582	0.000000	0.000000	0.000000	0.000000
q8583	0.000000	0.000000	0.000000	0.000000
q8584	0.000000	0.000000	0.000000	0.000000
q8585	0.315465	0.315465	0.315465	0.315465
q8586	0.000000	0.000000	0.000000	0.000000
q8587	0.000000	0.000000	0.000000	0.000000
q8588	0.000000	0.000000	0.000000	0.000000
q8589	0.356207	0.356207	0.356207	0.356207
q8590	0.000000	0.000000	0.000000	0.000000
q8591	0.333333	0.333333	0.333333	0.333333
q8592	0.000000	0.000000	0.000000	0.000000
q8593	0.630930	0.630930	0.630930	0.630930
q8594	0.000000	0.000000	0.000000	0.000000
q8595	0.301030	0.301030	0.301030	0.301030
q8596	0.000000	0.000000	0.000000	0.000000
q8597	0.000000	0.000000	0.000000	0.000000
q8598	0.430677	0.430677	0.430677	0.430677
q8599	1.000000	1.000000	1.000000	1.000000
q8600	0.000000	0.000000	0.000000	0.000000
q8601	0.000000	0.000000	0.000000	0.000000
q8602	0.000000	0.000000	0.000000	0.000000
q8603	0.386853	0.386853	0.386853	0.386853
q8604	0.000000	0.000000	0.000000	0.000000
q8605	0.000000	0.000000	0.000000	0.000000
q8606	0.000000	0.000000	0.000000	0.000000
q8607	1.000000	1.000000	1.000000	1.000000
q8608	0.000000	0.000000	0.000000	0.000000
q8609	0.000000	0.000000	0.000000	0.000000
q8610	0.315465	0.315465	0.315465	0.315465
q8611	0.000000	0.000000	0.000000	0.000000
q8612	0.000000	0.000000	0.000000	0.000000
q8613	0.000000	0.000000	0.000000	0.000000
q8614	0.000000	0.000000	0.000000	0.000000
q8615	0.430677	0.430677	0.430677	0.430677
q8616	0.000000	0.000000	0.000000	0.000000
q8617	0.000000	0.000000	0.000000	0.000000
q8618	0.000000	0.000000	0.000000	0.000000
q8619	0.000000	0.000000	0.000000	0.000000
q8620	1.000000	1.000000	1.000000	1.000000
q8621	0.289065	0.289065	0.289065	0.289065
q8622	0.000000	0.000000	0.000000	0.000000
q8623	0.000000	0.000000	0.000000	0.000000
q8624	0.000000	0.000000	0.000000	0.000000
q8625	0.000000	0.000000	0.000000	0.000000
q8626	0.000000	0.000000	0.000000	0.000000
q8627	0.386853	0.386853	0.386853	0.386853
q8628	0.000000	0.000000	0.000000	0.000000
q8629	0.386853	0.386853	0.386853	0.386853
q8630	0.000000	0.000000	0.000000	0.000000
q8631	0.289065	0.289065	0.289065	0.289065
q8632	0.000000	0.000000	0.000000	0.000000
q8633	0.000000	0.000000	0.000000	0.000000
q8634	0.000000	0.000000	0.000000	0.000000
q8635	0.000000	0.000000	0.000000	0.000000
q8636	0.000000	0.000000	0.000000	0.000000
q8637	0.000000	0.000000	0.000000	0.000000
q8638	1.000000	1.000000	1.000000	1.000000
q8639	0.000000	0.000000	0.000000	0.000000
q8640	0.000000	0.000000	0.000000	0.000000
q8641	0.000000	0.000000	0.000000	0.000000
q8642	0.301030	0.301030	0.301030	0.301030
q8643	0.000000	0.000000	0.000000	0.000000
q8644	0.630930	0.630930	0.630930	0.630930
q8645	0.000000	0.000000	0.000000	0.000000
q8646	0.000000	0.000000	0.000000	0.000000
q8647	0.000000	0.000000	0.000000	0.000000
q8648	0.000000	0.000000	0.000000	0.000000
q8649	0.356207	0.356207	0.356207	0.356207
q8650	0.000000	0.000000	0.000000	0.000000
q8651	0.000000	0.000000	0.000000	0.000000
q8652	0.000000	0.000000	0.000000	0.000000
q8653	0.000000	0.000000	0.000000	0.000000
q8654	0.000000	0.000000	0.000000	0.000000
q8655	0.000000	0.000000	0.000000	0.000000
q8656	0.000000	0.000000	0.000000	0.000000
q8657	0.000000	0.000000	0.000000	0.000000
q8658	0.000000	0.000000	0.000000	0.000000
q8659	0.315465	0.315465	0.315465	0.315465
q8660	0.000000	0.000000	0.000000	0.000000
q8661	0.000000	0.000000	0.000000	0.000000
q8662	0.000000	0.000000	0.000000	0.000000
q8663	0.000000	0.000000	0.000000	0.000000
q8664	0.000000	0.000000	0.000000	0.000000
q8665	0.000000	0.000000	0.000000	0.000000
q8666	0.430677	0.430677	0.430677	0.430677
q8667	0.000000	0.000000	0.000000	0.000000
q8668	0.000000	0.000000	0.000000	0.000000
q8669	0.000000	0.000000	0.000000	0.000000
q8670	0.000000	0.000000	0.000000	0.000000
q8671	0.000000	0.000000	0.000000	0.000000
q8672	0.000000	0.000000	0.000000	0.000000
q8673	0.000000	0.000000	0.000000	0.000000
q8674	0.000000	0.000000	0.000000	0.000000
q8675	0.000000	0.000000	0.000000	0.000000
q8676	0.000000	0.000000	0.000000	0.000000
q8677	0.000000	0.000000	0.000000	0.000000
q8678	0.000000	0.000000	0.000000	0.000000
q8679	0.000000	0.000000	0.000000	0.000000
q8680	0.000000	0.000000	0.000000	0.000000
q8681	0.000000	0.000000	0.000000	0.000000
q8682	0.000000	0.000000	0.000000	0.000000
q8683	0.000000	0.000000	0.000000	0.000000
q8684	0.000000	0.000000	0.000000	0.000000
q8685	0.000000	0.000000	0.000000	0.000000
q8686	0.000000	0.000000	0.000000	0.000000
q8687	0.000000	0.000000	0.000000	0.000000
q8688	0.000000	0.000000	0.000000	0.000000
q8689	0.000000	0.000000	0.000000	0.000000
q8690	0.000000	0.000000	0.000000	0.000000
q8691	0.000000	0.000000	0.000000	0.000000
q8692	0.000000	0.000000	0.000000	0.000000
q8693	0.000000	0.000000	0.000000	0.000000
q8694	0.000000	0.000000	0.000000	0.000000
q8695	0.000000	0.000000	0.000000	0.000000
q8696	0.000000	0.000000	0.000000	0.000000
q8697	0.430677	0.430677	0.430677	0.430677
q8698	0.000000	0.000000	0.000000	0.000000
q8699	0.000000	0.000000	0.000000	0.000000
q8700	1.000000	1.000000	1.000000	1.000000
q8701	0.386853	0.386853	0.386853	0.386853
q8702	0.333333	0.333333	0.333333	0.333333
q8703	0.000000	0.000000	0.000000	0.000000
q8704	1.000000	1.000000	1.000000	1.000000
q8705	0.630930	0.630930	0.630930	0.630930
q8706	0.430677	0.430677	0.430677	0.430677
q8707	1.000000	1.000000	1.000000	1.000000
q8708	0.000000	0.000000	0.000000	0.000000
q8709	0.000000	0.000000	0.000000	0.000000
q8710	0.000000	0.000000	0.000000	0.000000
q8711	1.000000	1.000000	1.000000	1.000000
q8712	0.500000	0.500000	0.500000	0.500000
q8713	1.000000	1.000000	1.000000	1.000000
q8714	0.000000	0.000000	0.000000	0.000000
q8715	0.000000	0.000000	0.000000	0.000000
q8716	0.000000	0.000000	0.000000	0.000000
q8717	0.000000	0.000000	0.000000	0.000000
q8718	0.630930	0.630930	0.630930	0.630930
q8719	0.000000	0.000000	0.000000	0.000000
q8720	0.386853	0.386853	0.386853	0.386853
q8721	0.000000	0.000000	0.000000	0.000000
q8722	0.000000	0.000000	0.000000	0.000000
q8723	0.000000	0.000000	0.000000	0.000000
q8724	1.000000	1.000000	1.000000	1.000000
q8725	0.000000	0.000000	0.000000	0.000000
q8726	0.000000	0.000000	0.000000	0.000000
q8727	0.000000	0.000000	0.000000	0.000000
q8728	0.000000	0.000000	0.000000	0.000000
q8729	0.315465	0.315465	0.315465	0.315465
q8730	0.000000	0.000000	0.000000	0.000000
q8731	0.630930	0.630930	0.630930	0.630930
q8732	0.000000	0.000000	0.000000	0.000000
q8733	0.000000	0.000000	0.000000	0.000000
q8734	1.000000	1.000000	1.000000	1.000000
q8735	0.000000	0.000000	0.000000	0.000000
q8736	0.000000	0.000000	0.000000	0.000000
q8737	0.000000	0.000000	0.000000	0.000000
q8738	0.000000	0.000000	0.000000	0.000000
q8739	0.000000	0.000000	0.000000	0.000000
q8740	0.356207	0.356207	0.356207	0.356207
q8741	0.000000	0.000000	0.000000	0.000000
q8742	0.000000	0.000000	0.000000	0.000000
q8743	0.333333	0.333333	0.333333	0.333333
q8744	0.000000	0.000000	0.000000	0.000000
q8745	0.000000	0.000000	0.000000	0.000000
q8746	0.333333	0.333333	0.333333	0.333333
q8747	0.000000	0.000000	0.000000	0.000000
q8748	0.630930	0.630930	0.630930	0.630930
q8749	0.000000	0.000000	0.000000	0.000000
q8750	0.000000	0.000000	0.000000	0.000000
q8751	0.430677	0.430677	0.430677	0.430677
q8752	0.000000	0.000000	0.000000	0.000000
q8753	0.000000	0.000000	0.000000	0.000000
q8754	0.000000	0.000000	0.000000	0.000000
q8755	0.000000	0.000000	0.000000	0.000000
q8756	0.000000	0.000000	0.000000	0.000000
q8757	0.000000	0.000000	0.000000	0.000000
q8758	0.000000	0.000000	0.000000	0.000000
q8759	0.000000	0.000000	0.000000	0.000000
q8760	1.000000	1.000000	1.000000	1.000000
q8761	0.000000	0.000000	0.000000	0.000000
q8762	0.000000	0.000000	0.000000	0.000000
q8763	0.000000	0.000000	0.000000	0.000000
q8764	0.356207	0.356207	0.356207	0.356207
q8765	1.000000	1.000000	1.000000	1.000000
